Issue Key,Issue Type,Status,Resolved,Has '变更' Label,Team Parent,Team Child,Created
VSXJ-20285,运维任务,任务完成 Done,False,False,其他项目,思享驾,2025-01-20T14:43:08.000+0800
VSXJ-20256,技术需求Enabler,To Do,False,False,其他项目,思享驾,2025-01-17T18:11:05.000+0800
VSXJ-20196,BA工作任务,UAT完成,False,False,其他项目,思享驾,2025-01-15T19:54:57.000+0800
VSXJ-20195,BA工作任务,任务完成 Done,False,False,其他项目,思享驾,2025-01-15T19:54:05.000+0800
VSXJ-20194,BA工作任务,Closed,False,False,其他项目,思享驾,2025-01-15T19:52:06.000+0800
VSXJ-19429,运维任务,Closed,False,False,其他项目,思享驾,2025-01-10T16:21:56.000+0800
VSXJ-19423,运维任务,待确认,False,False,其他项目,思享驾,2025-01-10T12:01:55.000+0800
VSXJ-19146,运维任务,Closed,False,False,其他项目,思享驾,2025-01-02T18:48:43.000+0800
VSXJ-19116,运维任务,Closed,False,False,其他项目,思享驾,2025-01-02T15:08:15.000+0800
VSXJ-19115,运维任务,Closed,False,False,其他项目,思享驾,2025-01-02T15:07:00.000+0800
VSXJ-19114,运维任务,外部Review（PO/BA/BO）,False,False,其他项目,思享驾,2025-01-02T15:06:32.000+0800
VSXJ-19113,运维任务,Closed,False,False,其他项目,思享驾,2025-01-02T15:05:51.000+0800
VSXJ-19112,运维任务,Closed,False,False,其他项目,思享驾,2025-01-02T15:05:28.000+0800
VSXJ-18833,故事,任务完成 Done,False,False,其他项目,思享驾,2024-12-20T10:08:21.000+0800
VSXJ-18832,故事,外部Review（PO/BA/BO）,False,False,其他项目,思享驾,2024-12-20T09:58:56.000+0800
VSXJ-18831,故事,外部Review（PO/BA/BO）,False,False,其他项目,思享驾,2024-12-20T09:54:14.000+0800
VSXJ-18053,故事,外部Review（PO/BA/BO）,False,False,其他项目,思享驾,2024-12-16T18:05:25.000+0800
VSXJ-18052,故事,任务完成 Done,False,False,其他项目,思享驾,2024-12-16T18:04:47.000+0800
VSXJ-18049,故事,外部Review（PO/BA/BO）,False,False,其他项目,思享驾,2024-12-16T18:02:27.000+0800
VSXJ-18047,故事,发布待执行,False,False,其他项目,思享驾,2024-12-16T14:45:47.000+0800
VSXJ-18046,故事,发布待执行,False,False,其他项目,思享驾,2024-12-16T13:03:43.000+0800
VSXJ-17021,故事,任务完成 Done,False,False,其他项目,思享驾,2024-11-27T16:14:59.000+0800
VSXJ-16764,故事,To Do,False,False,其他项目,思享驾,2024-11-26T15:27:53.000+0800
VSXJ-16763,故事,To Do,False,False,其他项目,思享驾,2024-11-26T15:27:30.000+0800
VSXJ-16762,故事,To Do,False,False,其他项目,思享驾,2024-11-26T15:27:15.000+0800
VSXJ-16761,故事,To Do,False,False,其他项目,思享驾,2024-11-26T15:26:15.000+0800
VSXJ-16760,故事,To Do,False,False,其他项目,思享驾,2024-11-26T15:26:03.000+0800
VSXJ-16759,故事,To Do,False,False,其他项目,思享驾,2024-11-26T15:25:52.000+0800
VSXJ-16758,故事,To Do,False,False,其他项目,思享驾,2024-11-26T15:25:40.000+0800
VSXJ-16757,故事,To Do,False,False,其他项目,思享驾,2024-11-26T15:25:27.000+0800
VSXJ-16756,故事,To Do,False,False,其他项目,思享驾,2024-11-26T15:25:11.000+0800
VSXJ-16755,故事,To Do,False,False,其他项目,思享驾,2024-11-26T15:24:30.000+0800
VSXJ-16754,故事,To Do,False,False,其他项目,思享驾,2024-11-26T15:23:18.000+0800
VSXJ-15960,故事,To Do,False,False,其他项目,思享驾,2024-10-31T11:14:49.000+0800
VSXJ-15959,故事,In Progress,False,False,其他项目,思享驾,2024-10-31T11:11:56.000+0800
VOL-1902,故事,Done,True,False,,,2023-05-23T09:58:49.000+0800
VOL-1901,故事,Done,True,False,,,2023-05-23T09:57:46.000+0800
VOL-1900,故事,Done,True,False,,,2023-05-23T09:57:30.000+0800
VOL-1899,故事,Done,True,False,,,2023-05-23T09:57:04.000+0800
VOL-1898,故事,Done,True,False,,,2023-05-19T11:14:17.000+0800
VOL-1897,故事,Done,True,False,,,2023-05-19T11:13:20.000+0800
VOL-1896,故事,Done,True,False,,,2023-05-19T09:47:52.000+0800
VOL-1886,故事,Done,True,False,,,2023-05-17T14:39:52.000+0800
VOL-1769,故事,Done,True,False,,,2023-05-10T09:59:17.000+0800
VOL-1756,故事,Done,True,False,,,2023-05-08T21:52:54.000+0800
VHW-2340,故事,Done,True,False,,,2023-04-17T17:09:30.000+0800
VHW-2339,故事,Done,True,False,,,2023-04-17T13:36:10.000+0800
VHW-2017,故事,Done,True,False,,,2023-03-24T16:22:54.000+0800
VHW-2009,故事,Done,True,False,,,2023-03-03T15:21:49.000+0800
VHW-1914,故事,Done,True,False,,,2023-02-10T10:39:33.000+0800
VHW-1892,故事,Done,True,False,,,2023-02-07T10:18:34.000+0800
VHW-1891,故事,Done,True,False,,,2023-02-07T10:18:32.000+0800
VHW-1890,故事,Done,True,False,,,2023-02-07T10:18:08.000+0800
VHW-1889,故事,Done,True,False,,,2023-02-07T10:18:06.000+0800
VHW-1886,故事,Done,True,False,,,2023-02-07T08:10:10.000+0800
VHW-1883,故事,Done,True,False,,,2023-02-07T07:59:06.000+0800
VHW-1882,故事,Done,True,False,,,2023-02-07T07:58:57.000+0800
VHW-1871,故事,Done,True,False,,,2023-02-07T07:51:57.000+0800
VHW-1870,故事,Done,True,False,,,2023-02-07T07:51:32.000+0800
VHW-1724,故事,Done,True,False,,,2023-02-03T16:09:29.000+0800
VHW-1703,故事,Done,True,False,,,2023-02-03T01:21:16.000+0800
VHW-1702,故事,Done,True,False,,,2023-02-03T01:20:34.000+0800
VHW-1701,故事,Done,True,False,,,2023-02-03T01:20:29.000+0800
VHW-1695,故事,Done,True,False,,,2023-02-03T00:54:05.000+0800
VHW-1688,故事,Done,True,False,,,2023-02-03T00:11:44.000+0800
VHW-1669,故事,Done,True,False,,,2023-02-03T00:04:42.000+0800
VHW-1661,故事,Done,True,False,,,2023-02-02T23:56:07.000+0800
VHW-1655,故事,Done,True,False,,,2023-02-02T23:50:30.000+0800
VHW-1641,故事,Done,True,False,,,2023-02-02T23:37:19.000+0800
VHW-1640,故事,Done,True,False,,,2023-02-02T23:36:21.000+0800
VHW-1634,故事,Done,True,False,,,2023-02-02T23:30:31.000+0800
VHW-1623,故事,Done,True,False,,,2023-02-02T23:06:39.000+0800
VHW-1612,故事,Done,True,False,,,2023-02-02T23:00:30.000+0800
VHW-1599,故事,Done,True,False,,,2023-02-02T22:57:49.000+0800
VHW-1598,故事,Done,True,False,,,2023-02-02T22:54:27.000+0800
VHW-1597,故事,Done,True,False,,,2023-02-02T22:54:02.000+0800
VHW-1596,故事,Done,True,False,,,2023-02-02T22:53:32.000+0800
VHW-1580,故事,Done,True,False,,,2023-02-02T22:35:34.000+0800
VHW-1568,故事,Done,True,False,,,2023-02-02T22:30:00.000+0800
VHW-1515,故事,Done,True,False,,,2023-02-02T20:59:37.000+0800
VHW-1510,故事,Done,True,False,,,2023-02-02T20:58:21.000+0800
VHW-1501,故事,Done,True,False,,,2023-02-02T20:55:25.000+0800
VHW-1489,故事,Done,True,False,,,2023-02-02T20:43:07.000+0800
VHW-1473,故事,To Do,False,False,,,2023-02-02T20:35:07.000+0800
VHW-1472,故事,Done,True,False,,,2023-02-02T20:35:02.000+0800
VHW-1471,故事,To Do,False,False,,,2023-02-02T20:34:34.000+0800
VHW-1460,故事,Done,True,False,,,2023-02-02T20:28:49.000+0800
VHW-1457,故事,Done,True,False,,,2023-02-02T20:28:17.000+0800
VHW-1430,故事,Done,True,False,,,2023-02-02T20:14:21.000+0800
VHW-1429,故事,Done,True,False,,,2023-02-02T20:14:19.000+0800
VHW-1428,故事,To Do,False,False,,,2023-02-02T20:14:17.000+0800
VHW-1424,故事,Done,True,False,,,2023-02-02T20:12:33.000+0800
VHW-1420,故事,Done,True,False,,,2023-02-02T20:10:27.000+0800
VHW-1413,故事,Done,True,False,,,2023-02-02T20:05:48.000+0800
VHW-1388,故事,Done,True,False,,,2023-02-02T19:48:49.000+0800
VHW-1385,故事,Done,True,False,,,2023-02-02T19:48:08.000+0800
VHW-1384,故事,Done,True,False,,,2023-02-02T19:45:54.000+0800
VHW-1379,故事,Done,True,False,,,2023-02-02T19:36:36.000+0800
VHW-1373,故事,Done,True,False,,,2023-02-02T19:35:25.000+0800
VHW-1353,故事,Done,True,False,,,2023-02-02T19:30:28.000+0800
VHW-1325,故事,Done,True,False,,,2023-02-02T19:25:00.000+0800
VHW-1321,故事,Done,True,False,,,2023-02-02T19:23:57.000+0800
VHW-1316,故事,Done,True,False,,,2023-02-02T19:23:07.000+0800
VHW-1291,故事,Done,True,False,,,2023-02-02T19:15:20.000+0800
VHW-1286,故事,Done,True,False,,,2023-02-02T19:14:25.000+0800
VHW-1276,故事,Done,True,False,,,2023-02-02T19:12:56.000+0800
VHW-1267,故事,Done,True,False,,,2023-02-02T19:10:47.000+0800
VHW-1262,故事,In Progress,False,False,,,2023-02-02T19:09:55.000+0800
VHW-1260,故事,Done,True,False,,,2023-02-02T19:08:45.000+0800
VHW-1251,故事,To Do,False,False,,,2023-02-02T19:07:23.000+0800
VHW-1223,故事,Done,True,False,,,2023-02-02T18:56:40.000+0800
VHW-1197,故事,Done,True,False,,,2023-02-02T18:48:16.000+0800
VHW-1196,故事,Done,True,False,,,2023-02-02T18:48:10.000+0800
VHW-1195,故事,Done,True,False,,,2023-02-02T18:48:04.000+0800
VHW-1175,故事,Done,True,False,,,2023-02-02T18:39:58.000+0800
VHW-1174,故事,Done,True,False,,,2023-02-02T18:39:51.000+0800
VHW-1173,故事,Done,True,False,,,2023-02-02T18:39:41.000+0800
VHW-1142,故事,Done,True,False,,,2023-02-02T18:06:26.000+0800
VHW-1114,故事,Done,True,False,,,2023-02-02T17:28:07.000+0800
VHW-1113,故事,Done,True,False,,,2023-02-02T17:27:42.000+0800
VHW-1090,故事,Done,True,False,,,2023-02-02T17:11:17.000+0800
VHW-1089,故事,Done,True,False,,,2023-02-02T17:11:10.000+0800
VHW-1088,故事,Done,True,False,,,2023-02-02T17:11:02.000+0800
VHW-1064,故事,Done,True,False,,,2023-02-02T17:00:59.000+0800
VHW-1063,故事,Done,True,False,,,2023-02-02T17:00:50.000+0800
VHW-1062,故事,Done,True,False,,,2023-02-02T17:00:36.000+0800
VHW-1033,故事,Done,True,False,,,2023-02-02T16:51:57.000+0800
VHW-1031,故事,Done,True,False,,,2023-02-02T16:50:56.000+0800
VHW-1004,故事,In Progress,False,False,,,2023-02-02T16:36:44.000+0800
VHW-989,故事,Done,True,False,,,2023-02-02T16:23:14.000+0800
VHW-988,故事,Done,True,False,,,2023-02-02T16:22:58.000+0800
VHW-986,故事,Done,True,False,,,2023-02-02T16:21:37.000+0800
VHW-984,故事,Done,True,False,,,2023-02-02T16:20:37.000+0800
VHW-978,故事,Done,True,False,,,2023-02-02T16:18:46.000+0800
VHW-977,故事,Done,True,False,,,2023-02-02T16:18:31.000+0800
VHW-976,故事,Done,True,False,,,2023-02-02T16:17:52.000+0800
VHW-975,故事,Done,True,False,,,2023-02-02T16:17:10.000+0800
VHW-962,故事,Done,True,False,,,2023-02-02T16:08:48.000+0800
VHW-961,故事,Done,True,False,,,2023-02-02T16:07:52.000+0800
VHW-956,故事,Done,True,False,,,2023-02-02T16:04:41.000+0800
VHW-935,故事,To Do,False,False,,,2023-02-02T15:02:57.000+0800
VHW-932,故事,Done,True,False,,,2023-02-02T14:29:55.000+0800
VHW-913,故事,Done,True,False,,,2023-02-01T15:28:02.000+0800
VHW-912,故事,Done,True,False,,,2023-02-01T15:28:00.000+0800
VHW-911,故事,Done,True,False,,,2023-02-01T15:17:15.000+0800
VHW-910,故事,Done,True,False,,,2023-02-01T15:17:13.000+0800
VHW-901,故事,Done,True,False,,,2023-01-30T13:58:31.000+0800
VHW-896,故事,To Do,False,False,,,2023-01-30T11:35:39.000+0800
VHW-890,故事,Done,True,False,,,2023-01-18T17:54:02.000+0800
VHW-888,故事,Done,True,False,,,2023-01-18T17:49:31.000+0800
VHW-887,故事,Done,True,False,,,2023-01-18T17:49:20.000+0800
VHW-886,故事,Done,True,False,,,2023-01-18T17:47:54.000+0800
VHW-885,故事,Done,True,False,,,2023-01-18T17:45:59.000+0800
VHW-765,故事,Done,True,False,,,2023-01-13T11:48:58.000+0800
VHW-763,故事,In Progress,False,False,,,2023-01-13T11:48:28.000+0800
VHW-738,故事,Done,True,False,,,2023-01-09T20:56:29.000+0800
VHW-687,故事,Done,True,False,,,2022-12-29T21:55:47.000+0800
VHW-686,故事,Done,True,False,,,2022-12-29T21:55:45.000+0800
VHW-652,故事,Done,True,False,,,2022-12-29T14:19:45.000+0800
VHW-651,故事,Done,True,False,,,2022-12-29T14:18:15.000+0800
VHW-623,故事,In Progress,False,False,,,2022-12-28T18:23:53.000+0800
VHW-622,故事,To Do,False,False,,,2022-12-28T18:23:51.000+0800
VHW-619,故事,To Do,False,False,,,2022-12-28T18:19:13.000+0800
VHW-618,故事,Done,True,False,,,2022-12-28T18:19:12.000+0800
VHW-559,故事,Done,True,False,,,2022-12-28T00:27:43.000+0800
VHW-558,故事,Done,True,False,,,2022-12-28T00:27:42.000+0800
VHW-557,故事,Done,True,False,,,2022-12-28T00:27:41.000+0800
VHW-556,故事,Done,True,False,,,2022-12-28T00:27:40.000+0800
VHW-291,故事,Done,True,False,,,2022-12-28T00:20:38.000+0800
VHW-290,故事,Done,True,False,,,2022-12-28T00:20:37.000+0800
VHW-270,故事,Done,True,False,,,2022-12-28T00:19:55.000+0800
VHW-268,故事,Done,True,False,,,2022-12-28T00:19:53.000+0800
VHW-267,故事,Done,True,False,,,2022-12-28T00:19:51.000+0800
VHW-252,故事,Done,True,False,,,2022-12-28T00:19:31.000+0800
VHW-251,故事,Done,True,False,,,2022-12-28T00:19:30.000+0800
VHW-248,故事,Done,True,False,,,2022-12-28T00:19:26.000+0800
VHW-246,故事,Done,True,False,,,2022-12-28T00:19:23.000+0800
VHW-244,故事,Done,True,False,,,2022-12-28T00:19:20.000+0800
VHW-243,故事,Done,True,False,,,2022-12-28T00:19:19.000+0800
VHW-228,故事,Done,True,False,,,2022-12-28T00:18:59.000+0800
VHW-223,故事,In Progress,False,False,,,2022-12-28T00:18:53.000+0800
VDB-3578,故事,Done,True,False,,,2024-08-30T21:43:46.000+0800
VDB-3500,任务,Done,True,False,,,2024-08-15T10:13:53.000+0800
VDB-3495,任务,Done,True,False,,,2024-08-14T10:07:26.000+0800
VDB-3285,任务,Done,True,False,,,2024-06-26T11:24:39.000+0800
VDB-2205,任务,Done,True,False,,,2023-11-06T21:37:37.000+0800
VDB-690,任务,Done,True,False,,,2023-04-26T14:57:56.000+0800
VDB-492,任务,Done,True,False,,,2023-03-17T10:48:09.000+0800
VDB-179,任务,Done,True,False,,,2022-12-14T11:58:41.000+0800
VCDW-12734,任务,To Do 待办,False,False,B端中后台,企业微信,2025-04-21T16:49:18.000+0800
VCDW-12733,技术需求Enabler,To Do 待办,False,False,B端中后台,企业微信,2025-04-21T16:47:23.000+0800
VCDW-12732,技术需求Enabler,To Do 待办,False,False,B端中后台,企业微信,2025-04-21T16:46:22.000+0800
VCDW-12731,技术需求Enabler,开发测试执行中,False,False,B端中后台,企业微信,2025-04-21T14:00:27.000+0800
VCDW-12727,故事,开发测试执行中,False,False,B端中后台,企业微信,2025-04-21T11:37:27.000+0800
VCDW-12726,故事,开发测试执行中,False,False,B端中后台,企业微信,2025-04-21T11:36:09.000+0800
VCDW-12725,故事,开发测试执行中,False,False,B端中后台,企业微信,2025-04-21T11:33:25.000+0800
VCDW-12724,故事,开发测试执行中,False,False,B端中后台,企业微信,2025-04-21T11:32:11.000+0800
VCDW-12722,故事,To Do 待办,False,False,B端中后台,企业微信,2025-04-21T11:15:07.000+0800
VCDW-12718,BA工作任务,To Do 待办,False,False,B端中后台,企业微信,2025-04-18T15:16:47.000+0800
VCDW-12717,BA工作任务,To Do 待办,False,False,B端中后台,企业微信,2025-04-18T15:16:06.000+0800
VCDW-12716,BA工作任务,To Do 待办,False,False,B端中后台,企业微信,2025-04-18T15:10:03.000+0800
VCDW-12715,BA工作任务,To Do 待办,False,False,B端中后台,企业微信,2025-04-18T15:09:36.000+0800
VCDW-12714,BA工作任务,开发测试执行中,False,False,B端中后台,企业微信,2025-04-18T15:09:03.000+0800
VCDW-12713,任务,To Do 待办,False,False,B端中后台,企业微信,2025-04-18T15:04:33.000+0800
VCDW-12712,任务,To Do 待办,False,False,B端中后台,企业微信,2025-04-18T15:04:17.000+0800
VCDW-12711,任务,To Do 待办,False,False,B端中后台,企业微信,2025-04-18T15:03:50.000+0800
VCDW-12710,任务,To Do 待办,False,False,B端中后台,企业微信,2025-04-18T15:03:37.000+0800
VCDW-12709,任务,开发测试执行中,False,False,B端中后台,企业微信,2025-04-18T15:03:25.000+0800
VCDW-12708,任务,任务完成 Done,True,False,B端中后台,企业微信,2025-04-18T15:03:16.000+0800
VCDW-12705,技术需求Enabler,To Do 待办,False,False,B端中后台,企业微信,2025-04-18T15:01:50.000+0800
VCDW-12703,技术需求Enabler,To Do 待办,False,False,B端中后台,企业微信,2025-04-18T15:01:34.000+0800
VCDW-12702,技术需求Enabler,To Do 待办,False,False,B端中后台,企业微信,2025-04-18T15:01:06.000+0800
VCDW-12701,技术需求Enabler,To Do 待办,False,False,B端中后台,企业微信,2025-04-18T15:00:59.000+0800
VCDW-12700,技术需求Enabler,开发测试执行中,False,False,B端中后台,企业微信,2025-04-18T15:00:54.000+0800
VCDW-12699,技术需求Enabler,开发测试执行中,False,False,B端中后台,企业微信,2025-04-18T15:00:48.000+0800
VCDW-12698,技术需求Enabler,开发测试执行中,False,False,B端中后台,企业微信,2025-04-18T15:00:29.000+0800
VCDW-12697,故事,To Do 待办,False,False,B端中后台,企业微信,2025-04-18T14:58:28.000+0800
VCDW-12696,故事,To Do 待办,False,False,B端中后台,企业微信,2025-04-18T14:58:19.000+0800
VCDW-12695,故事,To Do 待办,False,False,B端中后台,企业微信,2025-04-18T14:58:13.000+0800
VCDW-12694,故事,开发测试执行中,False,False,B端中后台,企业微信,2025-04-18T14:58:07.000+0800
VCDW-12693,故事,To Do 待办,False,False,B端中后台,企业微信,2025-04-18T14:57:54.000+0800
VCDW-12692,故事,To Do 待办,False,False,B端中后台,企业微信,2025-04-18T14:57:30.000+0800
VCAB-3803,任务,任务完成 Done,True,False,,,2024-01-16T09:53:50.000+0800
VCAB-3688,故事,任务完成 Done,False,False,,,2024-01-13T12:10:52.000+0800
VCAB-3683,任务,任务完成 Done,True,False,,,2024-01-12T14:19:23.000+0800
VCAB-3682,任务,任务完成 Done,True,False,,,2024-01-12T13:52:04.000+0800
VCAB-3681,任务,任务完成 Done,True,False,,,2024-01-12T13:47:23.000+0800
VCAB-3299,故事,任务完成 Done,False,False,,,2024-01-02T17:16:00.000+0800
VCAB-3298,故事,任务完成 Done,False,False,,,2024-01-02T17:09:43.000+0800
TMCJ-368,故事,To Do 待办,False,False,,,2023-01-12T22:33:20.000+0800
TMCJ-353,故事,To Do 待办,False,False,,,2022-12-30T11:34:28.000+0800
TMCJ-347,任务,To Do 待办,False,False,,,2022-12-27T14:56:31.000+0800
TMCJ-341,故事,Waiting for test 待测试,False,False,,,2022-12-22T19:37:04.000+0800
TMCJ-340,故事,To Do 待办,False,False,,,2022-12-22T19:36:39.000+0800
TMCJ-292,任务,任务完成 Done,True,False,,,2022-12-01T18:13:28.000+0800
TMCJ-268,故事,To Do 待办,False,False,,,2022-11-15T12:07:08.000+0800
TMCJ-267,故事,To Do 待办,False,False,,,2022-11-15T12:06:45.000+0800
TMCJ-266,故事,To Do 待办,False,False,,,2022-11-15T12:06:25.000+0800
TMCJ-265,故事,To Do 待办,False,False,,,2022-11-15T12:05:42.000+0800
TMCJ-244,故事,To Do 待办,False,False,,,2022-11-01T15:44:04.000+0800
TMCJ-243,故事,To Do 待办,False,False,,,2022-11-01T12:42:16.000+0800
SAN2-2,故事,To Do 待办,False,False,,,2022-08-03T17:08:47.000+0800
SAN2-1,故事,To Do 待办,False,False,,,2022-08-03T17:08:41.000+0800
SAN-4,故事,Story SIT测试完成,True,False,,,2022-09-14T11:55:12.000+0800
SAN-2,故事,Story SIT测试完成,True,False,,,2022-08-03T17:08:21.000+0800
SAN-1,故事,To Do 待办,True,False,,,2022-08-03T17:08:14.000+0800
JDMB-67,故事,任务完成 Done,False,False,,,2024-11-14T16:55:28.000+0800
JDMB-66,故事,任务完成 Done,False,False,,,2024-11-14T15:27:16.000+0800
JDMB-65,任务,To Do 待办,False,False,,,2024-07-01T18:17:47.000+0800
JDMB-63,任务,To Do 待办,False,False,,,2024-06-26T15:02:21.000+0800
JDMB-62,任务,开发测试执行中,False,False,,,2024-06-26T15:01:26.000+0800
JDMB-61,任务,开发测试执行中,False,False,,,2024-06-25T21:17:49.000+0800
JDMB-60,任务,任务完成 Done,True,False,,,2024-06-25T21:16:52.000+0800
JDMB-59,任务,任务完成 Done,True,False,,,2024-06-25T21:16:22.000+0800
JDMB-58,任务,任务完成 Done,True,False,,,2024-06-25T21:15:10.000+0800
JDMB-56,任务,To Do 待办,False,False,,,2024-06-04T15:37:30.000+0800
JDMB-55,任务,任务完成 Done,True,False,,,2024-06-04T15:37:00.000+0800
JDMB-54,故事,开发测试执行中,False,False,,,2024-06-04T15:36:36.000+0800
JDMB-53,故事,任务完成 Done,False,False,,,2024-06-04T15:36:10.000+0800
JDMB-37,任务,To Do 待办,False,False,,,2024-05-29T10:25:19.000+0800
JDMB-20,任务,To Do 待办,False,False,,,2024-05-21T11:35:03.000+0800
JDMB-15,任务,开发测试执行中,False,False,,,2024-05-20T16:41:12.000+0800
JDMB-14,故事,开发测试执行中,False,False,,,2024-05-20T16:40:36.000+0800
JDMB-11,故事,开发测试执行中,False,False,,,2024-05-15T18:07:12.000+0800
JDMB-10,故事,开发测试执行中,False,False,,,2024-05-15T17:40:14.000+0800
DEMO-19,故事,Testing 测试执行中,False,False,,,2023-04-08T20:10:43.000+0800
DEMO-18,故事,Waiting for test 待测试,False,False,,,2023-04-08T15:46:09.000+0800
DEMO-17,故事,Story SIT测试完成,True,False,,,2023-04-08T15:39:02.000+0800
CVZX-3582,故事,任务完成 Done,False,False,平台支持类,质效平台,2025-01-09T18:01:27.000+0800
CVZX-3581,故事,任务完成 Done,False,False,C端中台,销售中台,2025-01-09T17:08:12.000+0800
CVZX-3580,故事,任务完成 Done,False,False,C端中台,用户运营,2025-01-09T15:11:35.000+0800
CVZX-3579,故事,任务完成 Done,False,False,平台支持类,质效平台,2025-01-09T14:05:41.000+0800
CVZX-3578,故事,任务完成 Done,False,False,平台支持类,质效平台,2025-01-08T11:22:22.000+0800
CVZX-3577,故事,任务完成 Done,False,False,平台支持类,质效平台,2025-01-08T10:10:51.000+0800
CVZX-3574,故事,任务完成 Done,False,False,C端中台,销售中台,2025-01-07T17:08:16.000+0800
CVZX-3571,故事,任务完成 Done,False,False,平台支持类,质效平台,2025-01-06T09:30:52.000+0800
CVZX-3570,故事,任务完成 Done,False,False,平台支持类,质效平台,2025-01-03T13:59:20.000+0800
CVZX-3569,故事,任务完成 Done,False,False,C端平台,移动充电售后,2025-01-02T12:32:25.000+0800
CVZX-3527,故事,任务完成 Done,False,False,平台支持类,质效平台,2024-12-18T16:45:26.000+0800
CVZX-3526,故事,任务完成 Done,False,False,平台支持类,质效平台,2024-12-17T14:10:04.000+0800
CVZX-3525,故事,任务完成 Done,False,False,平台支持类,质效平台,2024-12-17T09:35:39.000+0800
CVZX-3524,故事,任务完成 Done,False,False,平台支持类,质效平台,2024-12-17T09:34:31.000+0800
CVZX-3523,故事,任务完成 Done,False,False,平台支持类,质效平台,2024-12-17T09:32:02.000+0800
CVZX-3522,故事,任务完成 Done,False,False,平台支持类,质效平台,2024-12-17T09:29:52.000+0800
CVZX-3521,故事,任务完成 Done,False,False,平台支持类,质效平台,2024-12-17T09:29:03.000+0800
CVZX-3520,故事,任务完成 Done,False,False,平台支持类,质效平台,2024-12-17T09:28:43.000+0800
CVZX-3519,故事,任务完成 Done,False,False,平台支持类,质效平台,2024-12-17T09:28:22.000+0800
CVZX-3518,故事,任务完成 Done,False,False,平台支持类,质效平台,2024-12-17T09:27:59.000+0800
CVZX-2268,故事,任务完成 Done,False,False,平台支持类,质效平台,2024-12-02T13:51:39.000+0800
CVZX-2224,故事,任务完成 Done,False,False,平台支持类,质效平台,2024-11-19T09:43:16.000+0800
CVZX-2158,故事,任务完成 Done,False,False,平台支持类,质效平台,2024-11-04T16:04:41.000+0800
CVTP-2799,任务,任务完成 Done,True,False,,,2022-12-21T16:17:22.000+0800
CVTP-2794,任务,任务完成 Done,True,False,,,2022-12-20T15:03:21.000+0800
CVTP-2793,任务,任务完成 Done,True,False,,,2022-12-20T10:30:57.000+0800
CVTP-2792,任务,任务完成 Done,True,False,,,2022-12-20T09:41:22.000+0800
CVTP-2791,任务,任务完成 Done,True,False,,,2022-12-19T16:28:19.000+0800
CVTP-2790,任务,任务完成 Done,True,False,,,2022-12-19T16:27:53.000+0800
CVTP-2789,任务,任务完成 Done,True,False,,,2022-12-19T16:05:13.000+0800
CVTP-2788,任务,任务完成 Done,True,False,,,2022-12-19T16:04:45.000+0800
CVTP-2787,任务,任务完成 Done,True,False,,,2022-12-19T16:04:19.000+0800
CVTP-2786,任务,任务完成 Done,True,False,,,2022-12-19T16:02:44.000+0800
CVTP-2785,任务,任务完成 Done,True,False,,,2022-12-19T16:02:21.000+0800
CVTP-2784,任务,任务完成 Done,True,False,,,2022-12-19T16:01:50.000+0800
CVTP-2783,任务,任务完成 Done,True,False,,,2022-12-19T16:01:15.000+0800
CVTP-2782,任务,任务完成 Done,True,False,,,2022-12-19T16:00:22.000+0800
CVTP-2781,任务,任务完成 Done,True,False,,,2022-12-19T15:59:49.000+0800
CVTP-2780,任务,任务完成 Done,True,False,,,2022-12-19T15:59:23.000+0800
CVTP-2779,任务,任务完成 Done,True,False,,,2022-12-19T15:58:36.000+0800
CVTP-2778,任务,任务完成 Done,True,False,,,2022-12-19T15:58:07.000+0800
CVTP-2777,任务,任务完成 Done,True,False,,,2022-12-19T15:57:40.000+0800
CVTP-2776,任务,任务完成 Done,True,False,,,2022-12-19T15:56:53.000+0800
CVTP-2775,任务,任务完成 Done,True,False,,,2022-12-19T15:56:16.000+0800
CVTP-2774,任务,任务完成 Done,True,False,,,2022-12-19T15:55:04.000+0800
CVTP-2773,任务,任务完成 Done,True,False,,,2022-12-19T15:51:07.000+0800
CVTP-2772,任务,任务完成 Done,True,False,,,2022-12-19T15:50:52.000+0800
CVTP-2699,故事,Story SIT测试完成,True,False,,,2022-10-20T18:14:47.000+0800
CVTP-2689,故事,Story SIT测试完成,True,False,,,2022-11-24T19:11:19.000+0800
CVTP-2247,任务,任务完成 Done,True,False,,,2022-11-21T15:18:37.000+0800
CVTC-173400,技术需求Enabler,To Do 待办,False,False,B端中后台,B端基础,2025-04-22T17:58:09.000+0800
CVTC-173326,BA工作任务,To Do 待办,False,False,B端中后台,B端基础,2025-04-22T16:24:03.000+0800
CVTC-173291,故事,开发测试执行中,False,False,B端中后台,B端基础,2025-04-21T16:32:15.000+0800
CVTC-173290,故事,开发测试执行中,False,False,B端中后台,B端基础,2025-04-21T16:28:58.000+0800
CVTC-173289,故事,To Do 待办,False,False,B端中后台,B端基础,2025-04-18T09:58:35.000+0800
CVTC-173284,故事,To Do 待办,False,False,C端中台,用户运营,2025-04-22T11:36:49.000+0800
CVTC-173272,任务,开发测试执行中,False,False,C端中台,销售中台,2025-04-22T10:46:21.000+0800
CVTC-173218,BA工作任务,To Do 待办,False,False,C端中台,销售中台,2025-04-22T09:05:43.000+0800
CVTC-173217,BA工作任务,To Do 待办,False,False,C端中台,销售中台,2025-04-22T09:03:52.000+0800
CVTC-173216,BA工作任务,To Do 待办,False,False,C端中台,销售中台,2025-04-22T09:02:02.000+0800
CVTC-173132,故事,开发测试执行中,False,False,B端中后台,B端基础,2025-04-21T18:45:46.000+0800
CVTC-173070,运维任务,开发测试执行中,False,False,C端中台,销售中台,2025-04-21T17:56:02.000+0800
CVTC-173069,故事,Waiting for test 待测试,False,False,C端中台,销售中台,2025-04-21T17:48:28.000+0800
CVTC-173056,运维任务,开发测试执行中,False,False,C端中台,中台充电&售后,2025-04-21T16:59:17.000+0800
CVTC-173055,运维任务,To Do 待办,False,False,C端中台,充电中台,2025-04-21T16:46:58.000+0800
CVTC-173048,故事,Waiting for test 待测试,False,False,B端中后台,B端基础,2025-04-21T16:29:37.000+0800
CVTC-173047,任务,开发测试执行中,False,False,B端中后台,B端基础,2025-04-21T16:19:12.000+0800
CVTC-173044,任务,开发测试执行中,False,False,B端中后台,B端基础,2025-04-21T16:15:42.000+0800
CVTC-173043,故事,To Do 待办,False,False,B端中后台,B端基础,2025-04-21T15:49:24.000+0800
CVTC-173039,故事,开发测试执行中,False,False,C端中台,中台基础&商城,2025-04-21T15:10:43.000+0800
CVTC-173035,技术需求Enabler,To Do 待办,False,False,C端中台,中台基础&商城,2025-04-21T14:56:28.000+0800
CVTC-173032,BA工作任务,开发测试执行中,False,False,C端中台,销售中台,2025-04-21T14:55:02.000+0800
CVTC-173031,BA工作任务,开发测试执行中,False,False,C端中台,销售中台,2025-04-21T14:53:56.000+0800
CVTC-173030,BA工作任务,开发测试执行中,False,False,C端中台,销售中台,2025-04-21T14:52:21.000+0800
CVTC-173028,BA工作任务,开发测试执行中,False,False,C端中台,销售中台,2025-04-21T14:51:15.000+0800
CVTC-173027,BA工作任务,开发测试执行中,False,False,C端中台,销售中台,2025-04-21T14:49:59.000+0800
CVTC-173023,技术需求Enabler,To Do 待办,False,False,C端中台,销售中台,2025-04-21T14:32:39.000+0800
CVTC-173022,BA工作任务,To Do 待办,False,False,B端中后台,B端基础,2025-04-21T14:16:48.000+0800
CVTC-173021,BA工作任务,开发测试执行中,False,False,B端中后台,B端基础,2025-04-21T14:09:14.000+0800
CVTC-173020,故事,To Do 待办,False,False,B端中后台,B端基础,2025-04-21T13:58:27.000+0800
CVTC-173018,故事,Dev Complete 开发完成,False,False,C端中台,中台基础&商城,2025-04-21T13:48:23.000+0800
CVTC-173017,任务,To Do 待办,False,False,C端中台,中台充电&售后,2025-04-21T13:43:24.000+0800
CVTC-173016,故事,To Do 待办,False,False,B端中后台,B端基础,2025-04-21T13:39:17.000+0800
CVTC-173015,BA工作任务,To Do 待办,False,False,C端中台,C端基础,2025-04-21T13:33:50.000+0800
CVTC-173014,BA工作任务,To Do 待办,False,False,C端中台,C端基础,2025-04-21T13:33:22.000+0800
CVTC-173011,BA工作任务,任务完成 Done,True,False,B端中后台,B端基础,2025-04-21T11:25:52.000+0800
CVTC-173010,故事,To Do 待办,False,False,C端中台,中台充电&售后,2025-04-21T11:22:58.000+0800
CVTC-173009,测试QA工作任务,To Do 待办,False,False,C端中台,销售中台,2025-04-21T11:20:27.000+0800
CVTC-173007,测试QA工作任务,To Do 待办,False,False,C端中台,中台充电&售后,2025-04-21T11:12:11.000+0800
CVTC-173006,测试QA工作任务,To Do 待办,False,False,C端中台,中台充电&售后,2025-04-21T11:07:09.000+0800
CVTC-173005,测试QA工作任务,To Do 待办,False,False,C端中台,中台充电&售后,2025-04-21T11:06:44.000+0800
CVTC-173004,测试QA工作任务,To Do 待办,False,False,C端中台,中台充电&售后,2025-04-21T11:02:01.000+0800
CVTC-173003,测试QA工作任务,To Do 待办,False,False,C端中台,中台充电&售后,2025-04-21T10:56:22.000+0800
CVTC-173001,BA工作任务,To Do 待办,False,False,C端中台,中台基础&商城,2025-04-21T10:50:17.000+0800
CVTC-173000,技术需求Enabler,开发测试执行中,False,False,C端中台,用户运营,2025-04-21T10:48:45.000+0800
CVTC-172999,BA工作任务,开发测试执行中,False,False,C端中台,中台基础&商城,2025-04-21T10:47:43.000+0800
CVTC-172991,故事,开发测试执行中,False,False,B端中后台,B端基础,2025-04-21T10:13:08.000+0800
CVTC-172985,故事,To Do 待办,False,False,C端中台,中台基础&商城,2025-04-21T10:07:51.000+0800
CVTC-172984,故事,To Do 待办,False,False,C端中台,中台基础&商城,2025-04-21T10:07:14.000+0800
CVTC-172983,故事,开发测试执行中,False,False,C端中台,中台基础&商城,2025-04-21T10:06:42.000+0800
CVTC-172982,故事,Dev Complete 开发完成,False,False,C端中台,中台基础&商城,2025-04-21T10:05:59.000+0800
CVTC-172981,BA工作任务,开发测试执行中,False,False,B端中后台,B端基础,2025-04-21T10:05:49.000+0800
CVTC-172980,故事,To Do 待办,False,False,C端中台,中台基础&商城,2025-04-21T10:05:28.000+0800
CVTC-172978,故事,To Do 待办,False,False,C端中台,中台基础&商城,2025-04-21T10:04:59.000+0800
CVTC-172975,故事,开发测试执行中,False,False,C端中台,中台基础&商城,2025-04-21T10:03:59.000+0800
CVTC-172973,故事,To Do 待办,False,False,C端中台,中台基础&商城,2025-04-21T10:03:22.000+0800
CVTC-172967,故事,To Do 待办,False,False,C端中台,中台基础&商城,2025-04-21T10:01:22.000+0800
CVTC-172952,测试QA工作任务,To Do 待办,False,False,C端中台,销售中台,2025-04-21T09:56:25.000+0800
CVTC-172951,测试QA工作任务,To Do 待办,False,False,C端中台,销售中台,2025-04-21T09:54:29.000+0800
CVTC-172950,测试QA工作任务,To Do 待办,False,False,C端中台,销售中台,2025-04-21T09:48:24.000+0800
CVTC-172948,测试QA工作任务,To Do 待办,False,False,C端中台,销售中台,2025-04-21T09:46:25.000+0800
CVTC-172945,BA工作任务,开发测试执行中,False,False,B端中后台,B端基础,2025-04-21T09:41:39.000+0800
CVTC-172944,BA工作任务,To Do 待办,False,False,C端中台,中台充电&售后,2025-04-21T09:41:07.000+0800
CVTC-172943,BA工作任务,开发测试执行中,False,False,B端中后台,B端基础,2025-04-21T09:40:30.000+0800
CVTC-172942,BA工作任务,To Do 待办,False,False,C端中台,中台充电&售后,2025-04-21T09:39:18.000+0800
CVTC-172941,BA工作任务,To Do 待办,False,False,C端中台,中台充电&售后,2025-04-21T09:37:36.000+0800
CVTC-172940,BA工作任务,To Do 待办,False,False,C端中台,中台充电&售后,2025-04-21T09:35:43.000+0800
CVTC-172939,BA工作任务,To Do 待办,False,False,C端中台,中台充电&售后,2025-04-21T09:34:45.000+0800
CVTC-172936,测试QA工作任务,To Do 待办,False,False,C端中台,中台充电&售后,2025-04-21T09:24:02.000+0800
CVTC-172931,BA工作任务,开发测试执行中,False,False,B端中后台,B端基础,2025-04-21T01:10:35.000+0800
CVTC-172925,故事,To Do 待办,False,False,C端中台,销售中台,2025-04-18T19:02:10.000+0800
CVTC-172924,故事,To Do 待办,False,False,C端中台,销售中台,2025-04-18T18:51:40.000+0800
CVTC-172922,故事,To Do 待办,False,False,C端中台,销售中台,2025-04-18T18:43:19.000+0800
CVTC-172915,技术需求Enabler,To Do 待办,False,False,B端中后台,B端基础,2025-04-18T18:10:25.000+0800
CVTC-172913,BA工作任务,To Do 待办,False,False,C端中台,中台充电&售后,2025-04-18T17:27:15.000+0800
CVTC-172912,故事,To Do 待办,False,False,C端中台,用户运营,2025-04-18T17:15:17.000+0800
CVTC-172911,故事,To Do 待办,False,False,C端中台,用户运营,2025-04-18T17:14:20.000+0800
CVTC-172897,运维任务,开发测试执行中,False,False,B端中后台,B端基础,2025-04-18T16:25:31.000+0800
CVTC-172868,测试QA工作任务,To Do 待办,False,False,C端中台,中台充电&售后,2025-04-18T14:56:00.000+0800
CVTC-172846,运维任务,To Do 待办,False,False,C端中台,中台基础&商城,2025-04-18T13:24:10.000+0800
CVTC-172844,技术需求Enabler,To Do 待办,False,False,C端中台,中台充电&售后,2025-04-18T11:25:50.000+0800
CVTC-172843,技术需求Enabler,To Do 待办,False,False,C端中台,中台充电&售后,2025-04-18T11:25:25.000+0800
CVTC-172842,技术需求Enabler,To Do 待办,False,False,C端中台,中台充电&售后,2025-04-18T11:24:42.000+0800
CVTC-172839,故事,Testing 测试执行中,False,False,C端中台,销售中台,2025-04-18T11:01:38.000+0800
CVTC-172838,故事,To Do 待办,False,False,C端中台,用户运营,2025-04-18T10:57:16.000+0800
CVTC-172836,故事,To Do 待办,False,False,C端中台,用户运营,2025-04-18T10:56:05.000+0800
CVTC-172832,故事,To Do 待办,False,False,C端中台,用户运营,2025-04-18T10:54:25.000+0800
CVTC-172826,故事,To Do 待办,False,False,C端中台,用户运营,2025-04-18T10:51:12.000+0800
CVTC-172823,故事,开发测试执行中,False,False,C端中台,销售中台,2025-04-18T10:50:02.000+0800
CVTC-172822,技术需求Enabler,To Do 待办,False,False,C端中台,用户运营,2025-04-18T10:49:41.000+0800
CVTC-172820,故事,To Do 待办,False,False,C端中台,中台充电&售后,2025-04-18T10:32:37.000+0800
CVTC-172815,技术需求Enabler,To Do 待办,False,False,B端中后台,B端基础,2025-04-18T09:29:31.000+0800
CVTC-172814,技术需求Enabler,To Do 待办,False,False,B端中后台,B端基础,2025-04-18T09:28:46.000+0800
CVTC-172813,技术需求Enabler,To Do 待办,False,False,B端中后台,B端基础,2025-04-18T09:27:16.000+0800
CVTC-172811,故事,To Do 待办,False,False,B端中后台,B端基础,2025-04-17T18:48:33.000+0800
CVTC-172808,故事,To Do 待办,False,False,B端中后台,B端基础,2025-04-17T18:14:32.000+0800
CVTC-172806,故事,To Do 待办,False,False,B端中后台,B端基础,2025-04-17T18:10:29.000+0800
CVTC-172805,故事,开发测试执行中,False,False,B端中后台,B端基础,2025-04-17T18:08:33.000+0800
CVTC-172804,故事,开发测试执行中,False,False,B端中后台,B端基础,2025-04-17T18:07:00.000+0800
CVTC-172803,故事,To Do 待办,False,False,B端中后台,B端基础,2025-04-17T18:04:27.000+0800
CVTC-172799,测试QA工作任务,To Do 待办,False,False,B端中后台,B端基础,2025-04-17T17:51:21.000+0800
CVTC-172798,测试QA工作任务,To Do 待办,False,False,B端中后台,B端基础,2025-04-17T17:50:44.000+0800
CVTC-172797,测试QA工作任务,To Do 待办,False,False,B端中后台,B端基础,2025-04-17T17:49:09.000+0800
CVTC-172793,BA工作任务,To Do 待办,False,False,C端中台,中台充电&售后,2025-04-17T15:52:09.000+0800
CVTC-172787,BA工作任务,To Do 待办,False,False,C端中台,中台充电&售后,2025-04-17T15:17:45.000+0800
CVTC-172786,故事,Funnel 需求漏斗,False,False,C端中台,用户运营,2025-04-17T14:54:58.000+0800
CVTC-172765,故事,To Do 待办,False,False,C端中台,中台充电&售后,2025-04-17T10:39:09.000+0800
CVTC-172749,任务,任务完成 Done,True,False,C端中台,中台基础&商城,2025-04-16T17:35:30.000+0800
CVTC-172744,故事,To Do 待办,False,False,C端中台,中台充电&售后,2025-04-16T16:34:10.000+0800
CVTC-172743,故事,To Do 待办,False,False,C端中台,中台充电&售后,2025-04-16T16:31:51.000+0800
CVTC-172741,故事,To Do 待办,False,False,C端中台,中台充电&售后,2025-04-16T16:16:16.000+0800
CVTC-172740,故事,To Do 待办,False,False,C端中台,中台充电&售后,2025-04-16T16:06:12.000+0800
CVTC-172739,故事,开发测试执行中,False,False,C端中台,中台充电&售后,2025-04-16T16:04:39.000+0800
CVTC-172738,故事,开发测试执行中,False,False,C端中台,中台充电&售后,2025-04-16T16:02:13.000+0800
CVTC-172737,故事,To Do 待办,False,False,C端中台,中台充电&售后,2025-04-16T15:55:39.000+0800
CVTC-172736,故事,To Do 待办,False,False,C端中台,中台充电&售后,2025-04-16T15:55:07.000+0800
CVTC-172735,故事,To Do 待办,False,False,C端中台,中台充电&售后,2025-04-16T15:54:13.000+0800
CVTC-172734,故事,To Do 待办,False,False,C端中台,中台充电&售后,2025-04-16T15:53:39.000+0800
CVTC-172729,故事,To Do 待办,False,False,C端中台,中台充电&售后,2025-04-16T15:51:03.000+0800
CVTC-172728,故事,To Do 待办,False,False,C端中台,中台充电&售后,2025-04-16T15:50:38.000+0800
CVTC-172727,故事,To Do 待办,False,False,C端中台,中台充电&售后,2025-04-16T15:50:09.000+0800
CVTC-172726,故事,To Do 待办,False,False,C端中台,中台充电&售后,2025-04-16T15:49:42.000+0800
CVTC-172723,故事,To Do 待办,False,False,C端中台,中台充电&售后,2025-04-16T15:47:47.000+0800
CVTC-172722,故事,To Do 待办,False,False,C端中台,中台充电&售后,2025-04-16T15:47:03.000+0800
CVTC-172721,故事,To Do 待办,False,False,C端中台,中台充电&售后,2025-04-16T15:45:29.000+0800
CVTC-172720,故事,To Do 待办,False,False,C端中台,中台充电&售后,2025-04-16T15:44:10.000+0800
CVTC-172702,故事,Dev Complete 开发完成,False,False,C端中台,中台基础&商城,2025-04-16T13:50:44.000+0800
CVTC-172692,技术需求Enabler,To Do 待办,False,False,B端中后台,B端基础,2025-04-16T09:51:49.000+0800
CVTC-172691,技术需求Enabler,To Do 待办,False,False,B端中后台,B端基础,2025-04-16T09:49:40.000+0800
CVTC-172690,技术需求Enabler,To Do 待办,False,False,B端中后台,B端基础,2025-04-16T09:47:58.000+0800
CVTC-172689,技术需求Enabler,开发测试执行中,False,False,B端中后台,B端基础,2025-04-16T09:44:14.000+0800
CVTC-172644,BA工作任务,To Do 待办,False,False,C端中台,中台充电&售后,2025-04-15T18:13:35.000+0800
CVTC-172415,技术需求Enabler,开发测试执行中,False,False,C端中台,中台基础&商城,2025-04-15T14:35:55.000+0800
CVTC-172408,测试QA工作任务,To Do 待办,False,False,C端中台,中台基础&商城,2025-04-15T11:30:11.000+0800
CVTC-172407,测试QA工作任务,任务完成 Done,True,False,C端中台,中台基础&商城,2025-04-15T11:28:01.000+0800
CVTC-172406,测试QA工作任务,To Do 待办,False,False,C端中台,中台基础&商城,2025-04-15T11:27:15.000+0800
CVTC-172405,测试QA工作任务,To Do 待办,False,False,C端中台,中台基础&商城,2025-04-15T11:26:56.000+0800
CVTC-172372,技术需求Enabler,开发测试执行中,False,False,C端中台,商城中台,2025-04-15T10:34:04.000+0800
CVTC-172320,技术需求Enabler,To Do 待办,False,False,C端中台,商城中台,2025-04-14T18:40:23.000+0800
CVTC-171931,BA工作任务,开发测试执行中,False,False,C端中台,用户运营,2025-04-14T13:11:08.000+0800
CVTC-171930,BA工作任务,开发测试执行中,False,False,C端中台,用户运营,2025-04-14T13:10:57.000+0800
CVTC-171929,BA工作任务,开发测试执行中,False,False,C端中台,用户运营,2025-04-14T13:10:44.000+0800
CVTC-171851,故事,开发测试执行中,False,False,C端中台,用户运营,2025-04-14T11:04:06.000+0800
CVTC-171833,故事,Funnel 需求漏斗,False,False,C端中台,中台基础&商城,2025-04-14T10:24:14.000+0800
CVTC-171805,技术需求Enabler,To Do 待办,False,False,B端中后台,B端基础,2025-04-11T17:30:33.000+0800
CVTC-171802,技术需求Enabler,To Do 待办,False,False,B端中后台,B端基础,2025-04-11T17:20:55.000+0800
CVTC-171795,故事,开发测试执行中,False,False,C端中台,用户运营,2025-04-11T17:04:48.000+0800
CVTC-171794,故事,开发测试执行中,False,False,C端中台,用户运营,2025-04-11T17:04:03.000+0800
CVTC-171792,故事,开发测试执行中,False,False,C端中台,用户运营,2025-04-11T17:02:58.000+0800
CVTC-171783,技术需求Enabler,Waiting for test 待测试,False,False,C端中台,商城中台,2025-04-11T15:22:52.000+0800
CVTC-171316,技术需求Enabler,开发测试执行中,False,False,C端中台,商城中台,2025-04-09T01:11:38.000+0800
CVTC-171097,技术需求Enabler,开发测试执行中,False,False,C端中台,中台基础&商城,2025-04-08T10:37:13.000+0800
CVTC-171000,BA工作任务,To Do 待办,False,False,C端中台,C端基础,2025-04-07T18:14:58.000+0800
CVTC-170933,技术需求Enabler,To Do 待办,False,False,B端中后台,B端基础,2025-04-07T16:28:55.000+0800
CVTC-170922,测试QA工作任务,开发测试执行中,False,False,B端中后台,B端基础,2025-04-07T15:55:16.000+0800
CVTC-170918,测试QA工作任务,开发测试执行中,False,False,B端中后台,B端基础,2025-04-07T15:53:14.000+0800
CVTC-170866,任务,To Do 待办,False,False,C端中台,C端基础,2025-04-07T11:27:10.000+0800
CVTC-170797,故事,开发测试执行中,False,False,B端中后台,B端基础,2025-04-06T23:16:19.000+0800
CVTC-170793,故事,To Do 待办,False,False,B端中后台,B端基础,2025-04-06T23:00:39.000+0800
CVTC-170780,故事,To Do 待办,False,False,C端中台,销售中台,2025-04-03T19:10:27.000+0800
CVTC-170779,故事,To Do 待办,False,False,C端中台,销售中台,2025-04-03T19:09:50.000+0800
CVTC-170778,故事,To Do 待办,False,False,C端中台,销售中台,2025-04-03T19:09:37.000+0800
CVTC-170777,故事,To Do 待办,False,False,C端中台,销售中台,2025-04-03T19:09:20.000+0800
CVTC-170776,故事,开发测试执行中,False,False,C端中台,销售中台,2025-04-03T19:09:04.000+0800
CVTC-170668,故事,To Do 待办,False,False,C端中台,中台充电&售后,2025-04-02T17:42:03.000+0800
CVTC-170667,故事,To Do 待办,False,False,C端中台,中台充电&售后,2025-04-02T17:40:27.000+0800
CVTC-170666,故事,To Do 待办,False,False,C端中台,中台充电&售后,2025-04-02T17:39:12.000+0800
CVTC-170665,故事,To Do 待办,False,False,C端中台,中台充电&售后,2025-04-02T17:37:43.000+0800
CVTC-170664,故事,To Do 待办,False,False,C端中台,中台充电&售后,2025-04-02T17:35:49.000+0800
CVTC-170663,故事,To Do 待办,False,False,C端中台,中台充电&售后,2025-04-02T17:33:02.000+0800
CVTC-170614,技术需求Enabler,开发测试执行中,False,False,C端中台,中台基础&商城,2025-04-02T13:36:21.000+0800
CVTC-169584,技术需求Enabler,To Do 待办,False,False,C端中台,商城中台,2025-03-28T14:12:52.000+0800
CVTC-169523,BA工作任务,To Do 待办,False,False,C端中台,中台充电&售后,2025-03-27T15:39:56.000+0800
CVTC-168876,故事,To Do 待办,False,False,C端中台,销售中台,2025-03-21T18:22:49.000+0800
CVTC-168875,故事,To Do 待办,False,False,C端中台,销售中台,2025-03-21T18:20:55.000+0800
CVTC-168682,故事,To Do 待办,False,False,C端中台,充电中台,2025-03-20T16:09:48.000+0800
CVTC-168633,故事,Funnel 需求漏斗,False,False,C端平台,移动基础&商城,2025-03-20T11:10:16.000+0800
CVTC-168412,故事,开发测试执行中,False,False,C端中台,中台基础&商城,2025-03-18T15:25:07.000+0800
CVTC-168411,故事,开发测试执行中,False,False,C端中台,中台基础&商城,2025-03-18T15:19:28.000+0800
CVTC-167460,故事,To Do 待办,False,False,C端中台,中台充电&售后,2025-03-13T09:48:40.000+0800
CVTC-164169,技术需求Enabler,To Do 待办,False,False,B端中后台,B端基础,2025-02-24T16:57:17.000+0800
CVTC-153861,故事,开发测试执行中,False,False,C端中台,中台基础&商城,2024-12-06T10:51:18.000+0800
CVTC-143341,故事,To Do 待办,False,False,C端中台,C端基础,2024-09-26T18:35:22.000+0800
CVTB-258991,运维任务,To Do 待办,False,False,B端中后台,NewbieLTO&OTD,2025-04-22T16:20:16.000+0800
CVTB-258989,任务,To Do 待办,False,False,B端中后台,NewbieLTO&OTD,2025-04-22T16:13:34.000+0800
CVTB-258970,技术需求Enabler,任务完成 Done,False,False,B端中后台,售后（DTCC）,2025-04-22T13:50:44.000+0800
CVTB-258969,BA工作任务,To Do 待办,False,False,B端中后台,NewbieLTO&OTD,2025-04-22T13:49:22.000+0800
CVTB-258968,BA工作任务,To Do 待办,False,False,B端中后台,NewbieLTO&OTD,2025-04-22T13:42:52.000+0800
CVTB-258967,BA工作任务,To Do 待办,False,False,B端中后台,NewbieLTO&OTD,2025-04-22T13:40:47.000+0800
CVTB-258962,BA工作任务,To Do 待办,False,False,B端中后台,NewbieLTO&OTD,2025-04-22T11:44:36.000+0800
CVTB-258961,BA工作任务,To Do 待办,False,False,B端中后台,NewbieLTO&OTD,2025-04-22T11:40:54.000+0800
CVTB-258942,BA工作任务,To Do 待办,False,False,B端中后台,NewbieLTO&OTD,2025-04-22T11:12:39.000+0800
CVTB-258907,故事,To Do 待办,False,False,其他项目,经销商呼叫中心 DCC,2025-04-22T10:13:08.000+0800
CVTB-258905,故事,开发测试执行中,False,False,其他项目,经销商呼叫中心 DCC,2025-04-22T10:11:42.000+0800
CVTB-258900,技术需求Enabler,开发测试执行中,False,False,其他项目,经销商呼叫中心 DCC,2025-04-22T09:28:35.000+0800
CVTB-258899,故事,任务完成 Done,False,False,B端中后台,售后（DTCC）,2025-04-22T01:09:56.000+0800
CVTB-258898,技术需求Enabler,To Do 待办,False,False,B端中后台,售后（DTCC）,2025-04-22T00:10:01.000+0800
CVTB-258897,技术需求Enabler,Dev Complete 开发完成,False,False,B端中后台,售后（DTCC）,2025-04-22T00:07:55.000+0800
CVTB-258896,测试QA工作任务,开发测试执行中,False,False,B端中后台,售后（DTCC）,2025-04-22T00:04:23.000+0800
CVTB-258895,测试QA工作任务,开发测试执行中,False,False,B端中后台,售后（DTCC）,2025-04-21T23:41:34.000+0800
CVTB-258893,任务,To Do 待办,False,False,B端中后台,NewbieLTO&OTD,2025-04-21T22:31:35.000+0800
CVTB-258892,故事,To Do 待办,False,False,B端中后台,NewbieLTO&OTD,2025-04-21T22:24:30.000+0800
CVTB-258891,任务,To Do 待办,False,False,B端中后台,NewbieLTO&OTD,2025-04-21T22:17:47.000+0800
CVTB-258889,故事,To Do 待办,False,False,B端中后台,NewbieLTO&OTD,2025-04-21T22:15:47.000+0800
CVTB-258888,故事,To Do 待办,False,False,B端中后台,NewbieLTO&OTD,2025-04-21T22:14:30.000+0800
CVTB-258886,故事,To Do 待办,False,False,B端中后台,NewbieLTO&OTD,2025-04-21T22:07:36.000+0800
CVTB-258885,故事,To Do 待办,False,False,B端中后台,NewbieLTO&OTD,2025-04-21T22:05:51.000+0800
CVTB-258882,任务,To Do 待办,False,False,B端中后台,NewbieLTO&OTD,2025-04-21T22:01:39.000+0800
CVTB-258878,任务,To Do 待办,False,False,B端中后台,NewbieLTO&OTD,2025-04-21T21:43:14.000+0800
CVTB-258877,故事,To Do 待办,False,False,B端中后台,NewbieLTO&OTD,2025-04-21T21:36:47.000+0800
CVTB-258876,任务,To Do 待办,False,False,B端中后台,NewbieLTO&OTD,2025-04-21T21:35:38.000+0800
CVTB-258875,故事,To Do 待办,False,False,B端中后台,NewbieLTO&OTD,2025-04-21T21:34:03.000+0800
CVTB-258874,BA工作任务,To Do 待办,False,False,B端中后台,NewbieLTO&OTD,2025-04-21T21:25:18.000+0800
CVTB-258873,故事,To Do 待办,False,False,B端中后台,NewbieLTO&OTD,2025-04-21T21:21:30.000+0800
CVTB-258872,故事,To Do 待办,False,False,B端中后台,NewbieLTO&OTD,2025-04-21T21:19:11.000+0800
CVTB-258870,任务,To Do 待办,False,False,B端中后台,NewbieLTO&OTD,2025-04-21T20:52:32.000+0800
CVTB-258869,故事,To Do 待办,False,False,B端中后台,NewbieLTO&OTD,2025-04-21T20:50:54.000+0800
CVTB-258868,BA工作任务,To Do 待办,False,False,B端中后台,NewbieLTO&OTD,2025-04-21T20:49:07.000+0800
CVTB-258866,任务,To Do 待办,False,False,B端中后台,NewbieLTO&OTD,2025-04-21T20:44:55.000+0800
CVTB-258865,故事,To Do 待办,False,False,B端中后台,NewbieLTO&OTD,2025-04-21T20:41:15.000+0800
CVTB-258864,故事,To Do 待办,False,False,B端中后台,NewbieLTO&OTD,2025-04-21T20:38:56.000+0800
CVTB-258863,BA工作任务,To Do 待办,False,False,B端中后台,NewbieLTO&OTD,2025-04-21T20:34:52.000+0800
CVTB-258861,故事,开发测试执行中,False,False,B端中后台,售后（DTCC）,2025-04-21T19:57:48.000+0800
CVTB-258860,BA工作任务,To Do 待办,False,False,B端中后台,售后（DTCC）,2025-04-21T19:44:08.000+0800
CVTB-258859,BA工作任务,To Do 待办,False,False,B端中后台,售后（DTCC）,2025-04-21T19:43:29.000+0800
CVTB-258858,BA工作任务,To Do 待办,False,False,B端中后台,售后（DTCC）,2025-04-21T19:38:43.000+0800
CVTB-258856,BA工作任务,To Do 待办,False,False,B端中后台,售后（DTCC）,2025-04-21T19:36:22.000+0800
CVTB-258855,BA工作任务,To Do 待办,False,False,B端中后台,售后（DTCC）,2025-04-21T19:35:15.000+0800
CVTB-258854,BA工作任务,To Do 待办,False,False,B端中后台,售后（DTCC）,2025-04-21T19:34:30.000+0800
CVTB-258849,故事,To Do 待办,False,False,B端中后台,售后（DTCC）,2025-04-21T19:16:29.000+0800
CVTB-258848,故事,To Do 待办,False,False,B端中后台,售后（DTCC）,2025-04-21T19:15:36.000+0800
CVTB-258846,故事,To Do 待办,False,False,B端中后台,售后（DTCC）,2025-04-21T19:08:11.000+0800
CVTB-258845,故事,To Do 待办,False,False,B端中后台,售后（DTCC）,2025-04-21T19:07:13.000+0800
CVTB-258844,故事,To Do 待办,False,False,B端中后台,售后（DTCC）,2025-04-21T19:04:44.000+0800
CVTB-258843,故事,开发测试执行中,False,False,B端中后台,售后（DTCC）,2025-04-21T19:04:02.000+0800
CVTB-258842,故事,开发测试执行中,False,False,B端中后台,售后（DTCC）,2025-04-21T19:02:31.000+0800
CVTB-258840,故事,To Do 待办,False,False,B端中后台,售后（DTCC）,2025-04-21T18:59:24.000+0800
CVTB-258839,故事,To Do 待办,False,False,B端中后台,售后（DTCC）,2025-04-21T18:58:33.000+0800
CVTB-258838,故事,To Do 待办,False,False,B端中后台,售后（DTCC）,2025-04-21T18:57:14.000+0800
CVTB-258837,故事,任务完成 Done,False,False,B端中后台,售后（DTCC）,2025-04-21T18:56:20.000+0800
CVTB-258836,故事,To Do 待办,False,False,B端中后台,售后（DTCC）,2025-04-21T18:54:26.000+0800
CVTB-258835,故事,To Do 待办,False,False,B端中后台,售后（DTCC）,2025-04-21T18:51:31.000+0800
CVTB-258834,故事,To Do 待办,False,False,B端中后台,售后（DTCC）,2025-04-21T18:50:46.000+0800
CVTB-258833,运维任务,任务完成 Done,True,False,B端中后台,LiteCRM,2025-04-21T18:49:09.000+0800
CVTB-258832,运维任务,任务完成 Done,True,False,其他项目,4in1,2025-04-21T18:48:29.000+0800
CVTB-258828,故事,To Do 待办,False,False,B端中后台,售后（DTCC）,2025-04-21T18:36:35.000+0800
CVTB-258827,故事,To Do 待办,False,False,B端中后台,售后（DTCC）,2025-04-21T18:32:49.000+0800
CVTB-258823,故事,To Do 待办,False,False,B端中后台,售后（DTCC）,2025-04-21T17:57:24.000+0800
CVTB-258822,故事,To Do 待办,False,False,B端中后台,售后（DTCC）,2025-04-21T17:53:19.000+0800
CVTB-258820,故事,To Do 待办,False,False,B端中后台,售后（DTCC）,2025-04-21T17:43:38.000+0800
CVTB-258819,故事,To Do 待办,False,False,B端中后台,售后（DTCC）,2025-04-21T17:34:00.000+0800
CVTB-258817,BA工作任务,To Do 待办,False,False,B端中后台,售后（DTCC）,2025-04-21T17:06:56.000+0800
CVTB-258816,BA工作任务,To Do 待办,False,False,B端中后台,售后（DTCC）,2025-04-21T17:03:04.000+0800
CVTB-258815,BA工作任务,To Do 待办,False,False,B端中后台,售后（DTCC）,2025-04-21T17:00:12.000+0800
CVTB-258812,BA工作任务,To Do 待办,False,False,B端中后台,售后（DTCC）,2025-04-21T16:52:29.000+0800
CVTB-258810,故事,To Do 待办,False,False,B端中后台,NewbieLTO&OTD,2025-04-21T16:47:30.000+0800
CVTB-258806,BA工作任务,To Do 待办,False,False,B端中后台,售后（DTCC）,2025-04-21T16:45:42.000+0800
CVTB-258805,故事,To Do 待办,False,False,B端中后台,NewbieLTO&OTD,2025-04-21T16:45:41.000+0800
CVTB-258804,故事,To Do 待办,False,False,B端中后台,NewbieLTO&OTD,2025-04-21T16:41:01.000+0800
CVTB-258800,运维任务,开发测试执行中,False,False,B端中后台,LiteCRM,2025-04-21T16:02:22.000+0800
CVTB-258799,运维任务,开发测试执行中,False,False,其他项目,4in1,2025-04-21T16:01:04.000+0800
CVTB-258798,任务,To Do 待办,False,False,B端中后台,LiteCRM,2025-04-21T15:58:54.000+0800
CVTB-258797,任务,To Do 待办,False,False,B端中后台,LiteCRM,2025-04-21T15:58:33.000+0800
CVTB-258796,任务,To Do 待办,False,False,B端中后台,LiteCRM,2025-04-21T15:56:25.000+0800
CVTB-258795,任务,To Do 待办,False,False,B端中后台,LiteCRM,2025-04-21T15:55:23.000+0800
CVTB-258794,BA工作任务,To Do 待办,False,False,B端中后台,LiteCRM,2025-04-21T15:53:19.000+0800
CVTB-258793,BA工作任务,To Do 待办,False,False,B端中后台,LiteCRM,2025-04-21T15:52:10.000+0800
CVTB-258792,故事,开发测试执行中,False,False,B端中后台,LiteCRM,2025-04-21T15:49:49.000+0800
CVTB-258791,故事,To Do 待办,False,False,B端中后台,LiteCRM,2025-04-21T15:47:45.000+0800
CVTB-258790,故事,To Do 待办,False,False,B端中后台,LiteCRM,2025-04-21T15:46:54.000+0800
CVTB-258788,故事,To Do 待办,False,False,B端中后台,LiteCRM,2025-04-21T15:45:23.000+0800
CVTB-258787,故事,开发测试执行中,False,False,B端中后台,LiteCRM,2025-04-21T15:45:02.000+0800
CVTB-258786,故事,开发测试执行中,False,False,B端中后台,LiteCRM,2025-04-21T15:41:35.000+0800
CVTB-258785,BA工作任务,开发测试执行中,False,False,其他项目,4in1,2025-04-21T15:13:13.000+0800
CVTB-258784,BA工作任务,开发测试执行中,False,False,B端中后台,LiteCRM,2025-04-21T15:08:10.000+0800
CVTB-258783,BA工作任务,开发测试执行中,False,False,B端中后台,LiteCRM,2025-04-21T15:07:39.000+0800
CVTB-258782,任务,To Do 待办,False,False,其他项目,4in1,2025-04-21T15:05:23.000+0800
CVTB-258781,技术需求Enabler,To Do 待办,False,False,其他项目,4in1,2025-04-21T15:01:37.000+0800
CVTB-258780,技术需求Enabler,To Do 待办,False,False,其他项目,4in1,2025-04-21T14:55:57.000+0800
CVTB-258778,BA工作任务,开发测试执行中,False,False,其他项目,4in1,2025-04-21T14:46:04.000+0800
CVTB-258777,BA工作任务,开发测试执行中,False,False,其他项目,4in1,2025-04-21T14:45:01.000+0800
CVTB-258776,故事,To Do 待办,False,False,其他项目,4in1,2025-04-21T14:41:46.000+0800
CVTB-258775,技术需求Enabler,开发测试执行中,False,False,其他项目,经销商呼叫中心 DCC,2025-04-21T14:26:23.000+0800
CVTB-258774,技术需求Enabler,开发测试执行中,False,False,其他项目,4in1,2025-04-21T14:20:08.000+0800
CVTB-258773,技术需求Enabler,开发测试执行中,False,False,其他项目,4in1,2025-04-21T14:19:23.000+0800
CVTB-258772,任务,开发测试执行中,False,False,其他项目,经销商呼叫中心 DCC,2025-04-21T14:15:40.000+0800
CVTB-258771,故事,To Do 待办,False,False,其他项目,经销商呼叫中心 DCC,2025-04-21T14:04:42.000+0800
CVTB-258769,故事,To Do 待办,False,False,其他项目,经销商呼叫中心 DCC,2025-04-21T14:00:26.000+0800
CVTB-258767,故事,开发测试执行中,False,False,其他项目,经销商呼叫中心 DCC,2025-04-21T13:52:13.000+0800
CVTB-258766,BA工作任务,To Do 待办,False,False,B端中后台,售后（DTCC）,2025-04-21T13:41:37.000+0800
CVTB-258765,BA工作任务,To Do 待办,False,False,B端中后台,售后（DTCC）,2025-04-21T13:39:32.000+0800
CVTB-258764,BA工作任务,To Do 待办,False,False,B端中后台,售后（DTCC）,2025-04-21T13:37:42.000+0800
CVTB-258763,BA工作任务,开发测试执行中,False,False,B端中后台,售后（DTCC）,2025-04-21T13:33:45.000+0800
CVTB-258762,BA工作任务,开发测试执行中,False,False,B端中后台,售后（DTCC）,2025-04-21T13:31:46.000+0800
CVTB-258761,BA工作任务,开发测试执行中,False,False,B端中后台,售后（DTCC）,2025-04-21T13:28:10.000+0800
CVTB-258760,故事,开发测试执行中,False,False,其他项目,4in1,2025-04-21T11:58:30.000+0800
CVTB-258759,技术需求Enabler,开发测试执行中,False,False,其他项目,4in1,2025-04-21T11:52:18.000+0800
CVTB-258758,运维任务,To Do 待办,False,False,B端中后台,NewbieLTO&OTD,2025-04-21T11:48:34.000+0800
CVTB-258755,BA工作任务,开发测试执行中,False,False,其他项目,4in1,2025-04-21T11:40:45.000+0800
CVTB-258754,BA工作任务,开发测试执行中,False,False,其他项目,4in1,2025-04-21T11:37:52.000+0800
CVTB-258753,任务,To Do 待办,False,False,B端中后台,NewbieLTO&OTD,2025-04-21T11:35:47.000+0800
CVTB-258752,BA工作任务,To Do 待办,False,False,其他项目,4in1,2025-04-21T11:35:43.000+0800
CVTB-258749,BA工作任务,To Do 待办,False,False,其他项目,4in1,2025-04-21T11:30:09.000+0800
CVTB-258204,任务,任务完成 Done,False,False,B端中后台,售后（DTCC）,2025-04-14T15:17:58.000+0800
CVTB-258198,故事,任务完成 Done,False,False,B端中后台,售后（DTCC）,2025-04-14T13:54:27.000+0800
CVTB-257965,测试QA工作任务,任务完成 Done,True,False,B端中后台,售后（DTCC）,2025-04-11T14:00:37.000+0800
CVTB-257964,测试QA工作任务,任务完成 Done,True,False,B端中后台,售后（DTCC）,2025-04-11T13:59:19.000+0800
CVTB-257963,测试QA工作任务,任务完成 Done,True,False,B端中后台,售后（DTCC）,2025-04-11T13:53:28.000+0800
CVTB-257962,测试QA工作任务,任务完成 Done,True,False,B端中后台,售后（DTCC）,2025-04-11T13:50:08.000+0800
CVTB-257961,测试QA工作任务,任务完成 Done,True,False,B端中后台,售后（DTCC）,2025-04-11T13:45:08.000+0800
CVTB-257946,BA工作任务,任务完成 Done,True,False,B端中后台,售后（DTCC）,2025-04-10T19:12:29.000+0800
CVTB-257657,任务,开发测试执行中,False,False,B端中后台,NewbieLTO&OTD,2025-04-10T16:54:20.000+0800
CVTB-257653,BA工作任务,任务完成 Done,True,False,B端中后台,售后（DTCC）,2025-04-10T16:27:01.000+0800
CVTB-257645,任务,To Do 待办,False,False,B端中后台,NewbieLTO&OTD,2025-04-10T10:18:55.000+0800
CVTB-257509,故事,开发测试执行中,False,False,其他项目,经销商呼叫中心 DCC,2025-04-08T15:43:28.000+0800
CVTB-257487,任务,To Do 待办,False,False,B端中后台,NewbieLTO&OTD,2025-04-08T15:11:17.000+0800
CVTB-257485,故事,To Do 待办,False,False,B端中后台,NewbieLTO&OTD,2025-04-08T14:58:42.000+0800
CVTB-257483,故事,开发测试执行中,False,False,B端中后台,NewbieLTO&OTD,2025-04-08T14:46:55.000+0800
CVTB-257430,技术需求Enabler,To Do 待办,False,False,B端中后台,NewbieLTO&OTD,2025-04-08T11:45:37.000+0800
CVTB-257381,故事,To Do 待办,False,False,B端中后台,NewbieLTO&OTD,2025-04-08T09:56:24.000+0800
CVTB-257339,测试QA工作任务,开发测试执行中,False,False,B端中后台,LiteCRM,2025-04-07T20:16:37.000+0800
CVTB-257331,故事,任务完成 Done,False,False,B端中后台,售后（DTCC）,2025-04-07T20:06:48.000+0800
CVTB-257330,故事,To Do 待办,False,False,B端中后台,售后（DTCC）,2025-04-07T20:05:52.000+0800
CVTB-257265,测试QA工作任务,开发测试执行中,False,False,B端中后台,售后（DTCC）,2025-04-07T14:53:20.000+0800
CVTB-256091,技术需求Enabler,To Do 待办,False,False,B端中后台,NewbieLTO&OTD,2025-03-25T14:15:15.000+0800
CVTB-254472,技术需求Enabler,To Do 待办,False,False,B端中后台,NewbieLTO&OTD,2025-03-17T17:31:31.000+0800
CVTB-252252,BA工作任务,任务完成 Done,False,False,B端中后台,售后（DTCC）,2025-02-27T16:02:15.000+0800
CVN-11351,技术需求Enabler,To Do 待办,False,False,其他项目,NBMS,2025-04-22T11:27:51.000+0800
CVN-11349,技术需求Enabler,To Do 待办,False,False,其他项目,NBMS,2025-04-22T11:08:02.000+0800
CVN-11307,BA工作任务,任务完成 Done,True,False,其他项目,NBMS,2025-04-21T11:08:01.000+0800
CVN-11306,任务,任务完成 Done,True,False,其他项目,NBMS,2025-04-21T11:05:39.000+0800
CVN-11303,任务,To Do 待办,False,False,其他项目,NBMS,2025-04-18T13:23:28.000+0800
CVN-11300,任务,To Do 待办,False,False,其他项目,NBMS,2025-04-18T12:13:38.000+0800
CVN-11299,测试QA工作任务,To Do 待办,False,False,其他项目,NBMS,2025-04-18T12:00:10.000+0800
CVN-11298,运维任务,开发测试执行中,False,False,其他项目,NBMS,2025-04-18T11:50:06.000+0800
CVN-11297,BA工作任务,开发测试执行中,False,False,其他项目,NBMS,2025-04-18T11:47:35.000+0800
CVN-11296,任务,To Do 待办,False,False,其他项目,NBMS,2025-04-18T11:45:55.000+0800
CVN-11295,BA工作任务,任务完成 Done,True,False,其他项目,NBMS,2025-04-18T11:24:57.000+0800
CVN-11293,BA工作任务,To Do 待办,False,False,其他项目,NBMS,2025-04-18T11:21:21.000+0800
CVN-11292,BA工作任务,To Do 待办,False,False,其他项目,NBMS,2025-04-18T11:19:42.000+0800
CVN-11291,BA工作任务,To Do 待办,False,False,其他项目,NBMS,2025-04-18T11:18:14.000+0800
CVN-11290,BA工作任务,任务完成 Done,True,False,其他项目,NBMS,2025-04-18T11:16:11.000+0800
CVN-11289,任务,To Do 待办,False,False,其他项目,NBMS,2025-04-18T11:14:12.000+0800
CVN-11288,运维任务,开发测试执行中,False,False,其他项目,NBMS,2025-04-18T10:34:17.000+0800
CVN-11287,测试QA工作任务,To Do 待办,False,False,其他项目,NBMS,2025-04-18T10:25:14.000+0800
CVN-11286,故事,To Do 待办,False,False,其他项目,NBMS,2025-04-18T10:23:37.000+0800
CVN-11285,BA工作任务,任务完成 Done,True,False,其他项目,NBMS,2025-04-18T10:20:28.000+0800
CVN-11282,故事,To Do 待办,False,False,其他项目,NBMS,2025-04-18T10:14:09.000+0800
CVN-11281,故事,To Do 待办,False,False,其他项目,NBMS,2025-04-18T10:09:34.000+0800
CVN-11280,故事,To Do 待办,False,False,其他项目,NBMS,2025-04-18T09:56:20.000+0800
CVN-11279,故事,开发测试执行中,False,False,其他项目,NBMS,2025-04-18T09:55:35.000+0800
CVN-10210,故事,Story SIT测试完成,True,False,其他项目,NBMS,2025-04-06T14:19:19.000+0800
CVN-10209,故事,To Do 待办,False,False,其他项目,NBMS,2025-04-06T14:15:00.000+0800
CVN-10206,技术需求Enabler,开发测试执行中,False,False,其他项目,NBMS,2025-04-03T17:13:42.000+0800
CVMAS-126835,BA工作任务,To Do 待办,False,False,C端平台,移动活动&用户运营团队,2025-04-22T18:52:49.000+0800
CVMAS-126834,BA工作任务,To Do 待办,False,False,C端平台,移动活动&用户运营团队,2025-04-22T18:50:38.000+0800
CVMAS-126833,BA工作任务,开发测试执行中,False,False,C端平台,移动活动,2025-04-22T18:49:18.000+0800
CVMAS-126812,技术需求Enabler,To Do 待办,False,False,C端平台,移动用户运营,2025-04-22T17:15:17.000+0800
CVMAS-126779,任务,To Do 待办,False,False,C端平台,移动销售购车,2025-04-22T10:56:03.000+0800
CVMAS-126777,技术需求Enabler,To Do 待办,False,False,C端平台,移动销售购车,2025-04-22T10:28:26.000+0800
CVMAS-126776,技术需求Enabler,To Do 待办,False,False,C端平台,移动销售购车,2025-04-22T10:28:04.000+0800
CVMAS-126765,测试QA工作任务,To Do 待办,False,False,C端平台,移动用户运营,2025-04-22T09:45:34.000+0800
CVMAS-126754,任务,To Do 待办,False,False,C端平台,移动活动&用户运营团队,2025-04-22T09:09:50.000+0800
CVMAS-126741,运维任务,To Do 待办,False,False,C端平台,移动用户运营,2025-04-22T09:07:20.000+0800
CVMAS-126728,运维任务,开发测试执行中,False,False,C端平台,移动活动,2025-04-22T09:06:29.000+0800
CVMAS-126726,测试QA工作任务,开发测试执行中,False,False,C端平台,移动销售购车,2025-04-21T20:05:40.000+0800
CVMAS-126721,故事,开发测试执行中,False,False,C端平台,移动基础&商城,2025-04-21T18:31:43.000+0800
CVMAS-126720,BA工作任务,To Do 待办,False,False,C端平台,移动基础&商城,2025-04-21T18:18:18.000+0800
CVMAS-126719,BA工作任务,To Do 待办,False,False,C端平台,移动基础&商城,2025-04-21T18:18:03.000+0800
CVMAS-126718,测试QA工作任务,任务完成 Done,True,False,C端平台,移动活动,2025-04-21T18:14:10.000+0800
CVMAS-126706,故事,Funnel 需求漏斗,False,False,C端平台,移动基础&商城,2025-04-21T17:35:04.000+0800
CVMAS-126697,故事,Waiting for test 待测试,False,False,C端平台,移动充电售后,2025-04-21T17:09:27.000+0800
CVMAS-126694,故事,Funnel 需求漏斗,False,False,C端平台,移动活动&用户运营团队,2025-04-21T16:52:29.000+0800
CVMAS-126691,故事,Funnel 需求漏斗,False,False,C端平台,移动活动,2025-04-21T16:29:47.000+0800
CVMAS-126689,技术需求Enabler,To Do 待办,False,False,C端平台,移动销售购车,2025-04-21T16:05:09.000+0800
CVMAS-126688,技术需求Enabler,To Do 待办,False,False,C端平台,移动销售购车,2025-04-21T16:04:24.000+0800
CVMAS-126687,技术需求Enabler,To Do 待办,False,False,C端平台,移动销售购车,2025-04-21T16:03:37.000+0800
CVMAS-126686,测试QA工作任务,开发测试执行中,False,False,C端平台,亚太车控团队,2025-04-21T15:57:11.000+0800
CVMAS-126685,测试QA工作任务,To Do 待办,False,False,C端平台,亚太车控团队,2025-04-21T15:55:01.000+0800
CVMAS-126683,故事,Funnel 需求漏斗,False,False,C端平台,移动基础&商城,2025-04-21T15:31:08.000+0800
CVMAS-126661,故事,Funnel 需求漏斗,False,False,C端平台,移动基础&商城,2025-04-21T13:55:25.000+0800
CVMAS-126654,故事,To Do 待办,False,False,C端平台,移动销售购车,2025-04-21T13:49:15.000+0800
CVMAS-126651,BA工作任务,To Do 待办,False,False,C端平台,移动充电售后,2025-04-21T13:40:07.000+0800
CVMAS-126650,BA工作任务,To Do 待办,False,False,C端平台,移动充电售后,2025-04-21T13:39:49.000+0800
CVMAS-126649,BA工作任务,To Do 待办,False,False,C端平台,移动充电售后,2025-04-21T13:39:24.000+0800
CVMAS-126645,故事,开发测试执行中,False,False,C端平台,亚太车控团队,2025-04-21T13:18:33.000+0800
CVMAS-126644,故事,Funnel 需求漏斗,False,False,C端平台,亚太车控团队,2025-04-21T13:18:03.000+0800
CVMAS-126643,故事,开发测试执行中,False,False,C端平台,亚太车控团队,2025-04-21T13:16:52.000+0800
CVMAS-126642,故事,Funnel 需求漏斗,False,False,C端平台,亚太车控团队,2025-04-21T13:15:42.000+0800
CVMAS-126641,故事,Funnel 需求漏斗,False,False,C端平台,亚太车控团队,2025-04-21T13:04:43.000+0800
CVMAS-126640,故事,开发测试执行中,False,False,C端平台,亚太车控团队,2025-04-21T13:04:39.000+0800
CVMAS-126639,故事,Waiting for test 待测试,False,False,C端平台,亚太车控团队,2025-04-21T13:04:31.000+0800
CVMAS-126638,故事,任务完成 Done,False,False,C端平台,亚太车控团队,2025-04-21T13:04:08.000+0800
CVMAS-126637,故事,开发测试执行中,False,False,C端平台,亚太车控团队,2025-04-21T13:03:43.000+0800
CVMAS-126636,故事,开发测试执行中,False,False,C端平台,亚太车控团队,2025-04-21T13:03:08.000+0800
CVMAS-126635,故事,任务完成 Done,False,False,C端平台,移动活动,2025-04-21T11:47:05.000+0800
CVMAS-126631,测试QA工作任务,To Do 待办,False,False,C端平台,移动活动,2025-04-21T11:38:27.000+0800
CVMAS-126630,运维任务,开发测试执行中,False,False,C端平台,移动充电售后,2025-04-21T11:37:21.000+0800
CVMAS-126629,运维任务,To Do 待办,False,False,C端平台,移动销售购车,2025-04-21T11:30:31.000+0800
CVMAS-126624,故事,To Do 待办,False,False,C端平台,移动销售购车,2025-04-21T11:23:38.000+0800
CVMAS-126622,故事,Funnel 需求漏斗,False,False,C端平台,移动基础&商城,2025-04-21T11:21:21.000+0800
CVMAS-126621,故事,Funnel 需求漏斗,False,False,C端平台,移动基础&商城,2025-04-21T11:20:45.000+0800
CVMAS-126619,技术需求Enabler,To Do 待办,False,False,C端平台,移动销售购车,2025-04-21T11:10:29.000+0800
CVMAS-126618,技术需求Enabler,To Do 待办,False,False,C端平台,移动充电售后,2025-04-21T11:09:48.000+0800
CVMAS-126617,故事,开发测试执行中,False,False,C端平台,移动基础&商城,2025-04-21T11:08:25.000+0800
CVMAS-126515,测试QA工作任务,开发测试执行中,False,False,C端平台,移动销售购车,2025-04-21T10:41:39.000+0800
CVMAS-126514,BA工作任务,开发测试执行中,False,False,C端平台,移动销售购车,2025-04-21T10:40:38.000+0800
CVMAS-126503,故事,To Do 待办,False,False,C端平台,移动基础&商城,2025-04-21T10:31:15.000+0800
CVMAS-126502,故事,To Do 待办,False,False,C端平台,移动基础&商城,2025-04-21T10:26:58.000+0800
CVMAS-126501,故事,To Do 待办,False,False,C端平台,移动基础&商城,2025-04-21T10:24:18.000+0800
CVMAS-126499,故事,Funnel 需求漏斗,False,False,C端平台,移动基础&商城,2025-04-21T10:17:39.000+0800
CVMAS-126496,故事,Funnel 需求漏斗,False,False,C端平台,移动活动&用户运营团队,2025-04-21T10:10:25.000+0800
CVMAS-126493,技术需求Enabler,To Do 待办,False,False,C端平台,移动用户运营,2025-04-21T09:39:04.000+0800
CVMAS-126492,运维任务,To Do 待办,False,False,C端平台,移动基础&商城,2025-04-21T09:38:44.000+0800
CVMAS-126491,任务,开发测试执行中,False,False,C端平台,移动用户运营,2025-04-21T09:21:56.000+0800
CVMAS-126478,测试QA工作任务,任务完成 Done,True,False,C端平台,移动充电售后,2025-04-19T15:21:14.000+0800
CVMAS-126477,测试QA工作任务,任务完成 Done,True,False,C端平台,移动充电售后,2025-04-19T15:20:49.000+0800
CVMAS-126476,故事,Funnel 需求漏斗,False,False,C端平台,移动活动,2025-04-19T14:55:58.000+0800
CVMAS-126475,故事,To Do 待办,False,False,C端平台,移动活动&用户运营团队,2025-04-19T14:45:27.000+0800
CVMAS-126402,故事,开发测试执行中,False,False,C端平台,移动销售购车,2025-04-18T21:29:10.000+0800
CVMAS-126367,故事,Funnel 需求漏斗,False,False,C端平台,移动活动,2025-04-18T17:04:48.000+0800
CVMAS-126362,技术需求Enabler,开发测试执行中,False,False,C端平台,移动用户运营,2025-04-18T16:43:06.000+0800
CVMAS-126351,故事,Funnel 需求漏斗,False,False,C端平台,移动活动,2025-04-18T16:12:29.000+0800
CVMAS-126346,故事,Waiting for test 待测试,False,False,C端中台,用户运营,2025-04-18T14:58:35.000+0800
CVMAS-126334,故事,Funnel 需求漏斗,False,False,C端平台,移动活动&用户运营团队,2025-04-18T14:35:28.000+0800
CVMAS-126304,BA工作任务,To Do 待办,False,False,C端平台,移动用户运营,2025-04-18T11:31:29.000+0800
CVMAS-126303,BA工作任务,To Do 待办,False,False,C端平台,移动用户运营,2025-04-18T11:30:58.000+0800
CVMAS-126302,BA工作任务,To Do 待办,False,False,C端平台,移动用户运营,2025-04-18T11:30:32.000+0800
CVMAS-126289,故事,开发测试执行中,False,False,C端平台,移动活动&用户运营团队,2025-04-18T10:06:21.000+0800
CVMAS-126287,故事,开发测试执行中,False,False,C端平台,移动活动&用户运营团队,2025-04-18T10:00:11.000+0800
CVMAS-126264,测试QA工作任务,开发测试执行中,False,False,C端平台,移动基础&商城,2025-04-17T17:30:13.000+0800
CVMAS-126234,故事,To Do 待办,False,False,C端平台,移动销售购车,2025-04-17T15:14:36.000+0800
CVMAS-126230,技术需求Enabler,Waiting for test 待测试,False,False,C端平台,移动销售购车,2025-04-17T14:26:09.000+0800
CVMAS-126228,故事,Story SIT测试完成,True,False,C端平台,移动充电售后,2025-04-17T14:23:01.000+0800
CVMAS-126227,技术需求Enabler,Waiting for test 待测试,False,False,C端平台,移动基础&商城,2025-04-17T14:16:26.000+0800
CVMAS-126226,故事,Waiting for test 待测试,False,False,C端平台,移动销售购车,2025-04-17T14:10:47.000+0800
CVMAS-126100,故事,开发测试执行中,False,False,C端平台,移动销售购车,2025-04-17T11:26:21.000+0800
CVMAS-126099,技术需求Enabler,Dev Complete 开发完成,False,False,C端平台,移动充电售后,2025-04-17T11:23:13.000+0800
CVMAS-126056,故事,开发测试执行中,False,False,C端平台,移动活动,2025-04-16T19:01:51.000+0800
CVMAS-126050,故事,Funnel 需求漏斗,False,False,C端平台,移动活动,2025-04-16T17:31:33.000+0800
CVMAS-125678,故事,Funnel 需求漏斗,False,False,C端平台,移动充电售后,2025-04-16T11:42:56.000+0800
CVMAS-125656,故事,Funnel 需求漏斗,False,False,C端平台,移动基础&商城,2025-04-15T20:49:16.000+0800
CVMAS-125654,故事,Funnel 需求漏斗,False,False,C端平台,移动基础&商城,2025-04-15T20:48:24.000+0800
CVMAS-125652,故事,开发测试执行中,False,False,C端平台,移动基础&商城,2025-04-15T20:47:04.000+0800
CVMAS-125651,故事,Funnel 需求漏斗,False,False,C端平台,移动基础&商城,2025-04-15T20:22:23.000+0800
CVMAS-125640,故事,开发测试执行中,False,False,C端平台,移动基础&商城,2025-04-15T18:58:08.000+0800
CVMAS-125465,故事,Story SIT测试完成,True,False,C端平台,移动充电售后,2025-04-15T16:19:38.000+0800
CVMAS-125291,测试QA工作任务,To Do 待办,False,False,C端平台,移动充电售后,2025-04-15T10:17:37.000+0800
CVMAS-125161,故事,To Do 待办,False,False,C端平台,移动活动&用户运营团队,2025-04-14T17:22:39.000+0800
CVMAS-125128,故事,Funnel 需求漏斗,False,False,C端平台,移动活动,2025-04-14T14:29:10.000+0800
CVMAS-125116,故事,开发测试执行中,False,False,C端平台,移动基础&商城,2025-04-14T10:26:11.000+0800
CVMAS-124803,故事,Funnel 需求漏斗,False,False,C端平台,移动活动&用户运营团队,2025-04-11T18:04:50.000+0800
CVMAS-124802,测试QA工作任务,开发测试执行中,False,False,C端平台,移动充电售后,2025-04-11T17:59:17.000+0800
CVMAS-124801,测试QA工作任务,开发测试执行中,False,False,C端平台,移动充电售后,2025-04-11T17:57:53.000+0800
CVMAS-124793,故事,开发测试执行中,False,False,C端平台,移动充电售后,2025-04-11T16:32:06.000+0800
CVMAS-124779,故事,Waiting for test 待测试,False,False,C端平台,移动充电售后,2025-04-11T15:15:08.000+0800
CVMAS-124433,故事,Waiting for test 待测试,False,False,C端平台,移动充电售后,2025-04-10T16:27:29.000+0800
CVMAS-124432,技术需求Enabler,Waiting for test 待测试,False,False,C端平台,移动充电售后,2025-04-10T16:05:24.000+0800
CVMAS-124431,故事,Funnel 需求漏斗,False,False,C端平台,移动活动,2025-04-10T14:58:03.000+0800
CVMAS-124429,故事,Funnel 需求漏斗,False,False,C端平台,移动活动,2025-04-10T14:57:10.000+0800
CVMAS-124428,故事,Funnel 需求漏斗,False,False,C端平台,移动活动,2025-04-10T14:56:10.000+0800
CVMAS-124427,故事,Funnel 需求漏斗,False,False,C端平台,移动活动,2025-04-10T14:55:19.000+0800
CVMAS-124426,故事,开发测试执行中,False,False,C端平台,移动销售购车,2025-04-10T14:53:39.000+0800
CVMAS-124425,故事,Funnel 需求漏斗,False,False,C端平台,移动活动,2025-04-10T14:53:09.000+0800
CVMAS-124424,故事,Funnel 需求漏斗,False,False,C端平台,移动活动,2025-04-10T14:51:57.000+0800
CVMAS-124411,故事,开发测试执行中,False,False,C端平台,移动销售购车,2025-04-10T14:20:44.000+0800
CVMAS-124296,故事,Funnel 需求漏斗,False,False,C端平台,移动基础&商城,2025-04-10T09:43:58.000+0800
CVMAS-124295,故事,Funnel 需求漏斗,False,False,C端平台,移动基础&商城,2025-04-10T09:43:38.000+0800
CVMAS-124289,故事,To Do 待办,False,False,C端平台,移动基础&商城,2025-04-09T20:37:59.000+0800
CVMAS-124270,故事,Funnel 需求漏斗,False,False,C端平台,移动活动,2025-04-09T17:15:03.000+0800
CVMAS-124268,故事,Funnel 需求漏斗,False,False,C端平台,移动活动,2025-04-09T17:12:55.000+0800
CVMAS-124267,故事,Funnel 需求漏斗,False,False,C端平台,移动活动,2025-04-09T17:11:54.000+0800
CVMAS-124266,故事,Funnel 需求漏斗,False,False,C端平台,移动活动,2025-04-09T17:09:24.000+0800
CVMAS-124265,故事,Funnel 需求漏斗,False,False,C端平台,移动活动,2025-04-09T17:04:07.000+0800
CVMAS-124255,故事,To Do 待办,False,False,C端平台,移动销售购车,2025-04-09T14:27:51.000+0800
CVMAS-124222,故事,To Do 待办,False,False,C端平台,移动活动&用户运营团队,2025-04-08T16:40:27.000+0800
CVMAS-124214,故事,Funnel 需求漏斗,False,False,C端平台,移动充电售后,2025-04-08T15:31:27.000+0800
CVMAS-124200,故事,Funnel 需求漏斗,False,False,C端平台,移动充电售后,2025-04-08T14:12:07.000+0800
CVMAS-124199,故事,Funnel 需求漏斗,False,False,C端平台,移动充电售后,2025-04-08T14:10:39.000+0800
CVMAS-124197,故事,Waiting for test 待测试,False,False,C端平台,移动充电售后,2025-04-08T14:06:49.000+0800
CVMAS-124184,故事,Funnel 需求漏斗,False,False,C端平台,移动活动&用户运营团队,2025-04-08T10:16:21.000+0800
CVMAS-124011,故事,Funnel 需求漏斗,False,False,C端平台,移动活动,2025-04-07T16:29:28.000+0800
CVMAS-123985,故事,Testing 测试执行中,False,False,C端平台,移动销售购车,2025-04-07T11:31:12.000+0800
CVMAS-123982,故事,Testing 测试执行中,False,False,C端平台,移动销售购车,2025-04-07T11:26:58.000+0800
CVMAS-123865,测试QA工作任务,To Do 待办,False,False,C端平台,移动活动,2025-04-03T14:24:38.000+0800
CVMAS-123845,故事,Funnel 需求漏斗,False,False,C端平台,移动活动&用户运营团队,2025-04-03T11:45:52.000+0800
CVMAS-123844,故事,Funnel 需求漏斗,False,False,C端平台,移动活动&用户运营团队,2025-04-03T11:44:27.000+0800
CVMAS-123842,故事,Funnel 需求漏斗,False,False,C端平台,移动活动&用户运营团队,2025-04-03T11:39:30.000+0800
CVMAS-123833,测试QA工作任务,To Do 待办,False,False,C端平台,移动活动,2025-04-03T11:20:59.000+0800
CVMAS-123832,测试QA工作任务,任务完成 Done,True,False,C端平台,移动活动,2025-04-03T11:20:39.000+0800
CVMAS-123739,故事,To Do 待办,False,False,C端平台,移动销售购车,2025-04-02T17:00:45.000+0800
CVMAS-123611,故事,Funnel 需求漏斗,False,False,C端平台,移动充电售后,2025-04-01T17:28:58.000+0800
CVMAS-123608,故事,Funnel 需求漏斗,False,False,C端平台,移动充电售后,2025-04-01T17:22:58.000+0800
CVMAS-123517,故事,Funnel 需求漏斗,False,False,C端平台,移动活动,2025-04-01T11:03:35.000+0800
CVMAS-123501,测试QA工作任务,To Do 待办,False,False,C端平台,移动基础&商城,2025-04-01T10:17:23.000+0800
CVMAS-123500,测试QA工作任务,开发测试执行中,False,False,C端平台,移动基础&商城,2025-04-01T10:17:07.000+0800
CVMAS-123292,故事,Funnel 需求漏斗,False,False,C端平台,移动活动,2025-03-27T19:34:52.000+0800
CVMAS-123291,故事,Funnel 需求漏斗,False,False,C端平台,移动活动,2025-03-27T19:27:57.000+0800
CVMAS-123290,故事,Funnel 需求漏斗,False,False,C端平台,移动活动,2025-03-27T19:19:16.000+0800
CVMAS-123286,故事,Funnel 需求漏斗,False,False,C端平台,移动活动,2025-03-27T19:13:53.000+0800
CVMAS-121947,技术需求Enabler,开发测试执行中,False,False,C端平台,移动销售购车,2025-03-21T14:11:50.000+0800
CVMAS-121946,技术需求Enabler,开发测试执行中,False,False,C端平台,移动销售购车,2025-03-21T14:10:53.000+0800
CVMAS-121180,故事,Funnel 需求漏斗,False,False,C端平台,移动充电售后,2025-03-13T16:19:34.000+0800
CVMAS-120665,故事,To Do 待办,False,False,C端平台,移动销售购车,2025-03-11T15:41:46.000+0800
CVMAS-119318,故事,Funnel 需求漏斗,False,False,C端平台,移动充电售后,2025-02-28T22:45:35.000+0800
CVMAS-115305,技术需求Enabler,To Do 待办,False,False,C端平台,移动销售购车,2025-01-22T13:59:55.000+0800
CVDTT-2765,任务,To Do,False,False,,,2025-04-22T17:37:53.000+0800
CVDTT-2764,任务,To Do,False,False,,,2025-04-22T14:35:42.000+0800
CVDTT-2763,故事,In Progress,False,False,,,2025-04-21T15:06:06.000+0800
CVDTT-2761,任务,To Do,False,False,,,2025-04-21T13:54:03.000+0800
CVDTT-2760,故事,To Do,False,False,,,2025-04-21T13:04:10.000+0800
CVDTT-2759,故事,In Progress,False,False,,,2025-04-17T15:56:12.000+0800
CVDTT-2758,故事,To Do,False,False,,,2025-04-17T15:47:20.000+0800
CVDTT-2756,任务,To Do,False,False,,,2025-04-17T14:06:13.000+0800
CVDTT-2754,任务,Done,False,False,,,2025-04-15T15:29:15.000+0800
CVDTT-2752,任务,In Progress,False,False,,,2025-04-15T11:03:02.000+0800
CVDTT-2750,任务,To Do,False,False,,,2025-04-14T13:31:06.000+0800
CVDTT-2748,故事,To Do,False,False,,,2025-04-11T18:23:14.000+0800
CVDTT-2747,故事,To Do,False,False,,,2025-04-11T18:09:00.000+0800
CVDTT-2746,故事,To Do,False,False,,,2025-04-11T18:08:18.000+0800
CVDTT-2745,任务,In Progress,False,False,,,2025-04-11T11:27:09.000+0800
CVDTT-2742,任务,To Do,False,False,,,2025-04-09T18:19:32.000+0800
CVDTT-2739,任务,To Do,False,False,,,2025-04-09T17:05:04.000+0800
CVDTT-2738,任务,Done,False,False,,,2025-04-09T16:57:55.000+0800
CVDTT-2737,任务,To Do,False,False,,,2025-04-09T14:26:25.000+0800
CVDTT-2736,故事,To Do,False,False,,,2025-04-09T10:55:30.000+0800
CVDTT-2735,任务,To Do,False,False,,,2025-04-08T17:28:27.000+0800
CVDTT-2734,故事,To Do,False,False,,,2025-04-07T21:43:14.000+0800
CVDTT-2731,任务,待测试,False,False,,,2025-04-07T15:33:38.000+0800
CVDTT-2730,任务,待测试,False,False,,,2025-04-07T15:32:43.000+0800
CVDTT-2728,任务,待测试,False,False,,,2025-04-07T10:29:24.000+0800
CVDTT-2726,任务,In Progress,False,False,,,2025-04-03T19:28:27.000+0800
CVDTT-2725,任务,To Do,False,False,,,2025-04-03T15:43:38.000+0800
CVDTT-2723,任务,To Do,False,False,,,2025-04-02T12:22:35.000+0800
CVDTT-2718,任务,验收中,False,False,,,2025-03-27T17:22:37.000+0800
CVDTT-2715,任务,To Do,False,False,,,2025-03-26T17:42:02.000+0800
CVDTT-2714,故事,To Do,False,False,,,2025-03-25T19:14:34.000+0800
CVDTT-2712,故事,To Do,False,False,,,2025-03-25T10:58:43.000+0800
CVDTT-2711,故事,To Do,False,False,,,2025-03-25T10:20:48.000+0800
CVDTT-2698,任务,To Do,False,False,,,2025-03-17T11:31:30.000+0800
CVDTT-2695,任务,In Progress,False,False,,,2025-03-12T14:09:28.000+0800
CVDTT-2692,故事,To Do,False,False,,,2025-03-11T15:29:46.000+0800
CVDTT-2690,故事,To Do,False,False,,,2025-03-11T12:32:45.000+0800
CVDTT-2689,任务,In Progress,False,False,,,2025-03-10T16:27:36.000+0800
CVDTT-2688,任务,In Progress,False,False,,,2025-03-10T14:57:08.000+0800
CVDTT-2687,任务,In Progress,False,False,,,2025-03-10T14:56:50.000+0800
CVDTT-2686,任务,In Progress,False,False,,,2025-03-10T14:55:08.000+0800
CVDTT-2683,故事,To Do,False,False,,,2025-03-07T20:42:56.000+0800
CVDTT-2682,故事,In Progress,False,False,,,2025-03-07T19:43:45.000+0800
CVDTT-2673,故事,To Do,False,False,,,2025-03-03T10:54:13.000+0800
CVDTT-2671,故事,To Do,False,False,,,2025-02-28T12:36:51.000+0800
CVDTT-2669,故事,To Do,False,False,,,2025-02-28T10:22:22.000+0800
CVDTT-2667,故事,In Progress,False,False,,,2025-02-27T17:37:29.000+0800
CVDTT-2661,故事,In Progress,False,False,,,2025-02-24T18:12:58.000+0800
CVDTT-2643,故事,To Do,False,False,,,2025-02-20T14:28:41.000+0800
CVDTT-2642,故事,In Progress,False,False,,,2025-02-20T11:13:08.000+0800
CVDTT-2641,任务,验收中,False,False,,,2025-02-19T23:23:02.000+0800
CVDTT-2633,故事,To Do,False,False,,,2025-02-17T18:55:09.000+0800
CVDTT-2625,故事,To Do,False,False,,,2025-02-14T12:33:21.000+0800
CVDTT-2624,故事,To Do,False,False,,,2025-02-14T12:30:55.000+0800
CVDTT-2621,故事,To Do,False,False,,,2025-02-12T10:29:01.000+0800
CVDTT-2620,故事,To Do,False,False,,,2025-02-11T21:45:32.000+0800
CVDTT-2619,故事,To Do,False,False,,,2025-02-11T18:31:31.000+0800
CVDTT-2618,故事,验收中,False,False,,,2025-02-11T17:56:33.000+0800
CVDTT-2607,故事,To Do,False,False,,,2025-02-10T10:22:11.000+0800
CVDTT-2591,故事,To Do,False,False,,,2025-02-05T11:23:04.000+0800
CVDTT-2588,故事,To Do,False,False,,,2025-01-26T15:46:22.000+0800
CVDTT-2587,故事,To Do,False,False,,,2025-01-26T15:45:56.000+0800
CVDTT-2586,故事,To Do,False,False,,,2025-01-26T15:45:22.000+0800
CVDTT-2584,故事,To Do,False,False,,,2025-01-23T17:57:41.000+0800
CVDTT-2581,故事,To Do,False,False,,,2025-01-23T17:40:22.000+0800
CVDTT-2571,故事,To Do,False,False,,,2025-01-16T16:09:11.000+0800
CVDTT-2562,故事,To Do,False,False,,,2025-01-15T14:42:46.000+0800
CVDTT-2561,故事,To Do,False,False,,,2025-01-15T14:40:54.000+0800
CVDTT-2558,任务,To Do,False,False,,,2025-01-13T18:57:32.000+0800
CVDTT-2557,故事,To Do,False,False,,,2025-01-13T18:09:52.000+0800
CVDTT-2549,故事,To Do,False,False,,,2025-01-13T11:36:54.000+0800
CVDTT-2541,故事,To Do,False,False,,,2025-01-09T17:31:25.000+0800
CVDTT-2540,故事,To Do,False,False,,,2025-01-09T17:29:15.000+0800
CVDTT-2538,故事,In Progress,False,False,,,2025-01-09T14:54:27.000+0800
CVDTT-2528,故事,To Do,False,False,,,2025-01-03T17:25:30.000+0800
CVDTT-2517,故事,阻塞,False,False,,,2024-12-31T13:57:55.000+0800
CVDTT-2515,故事,阻塞,False,False,,,2024-12-30T17:44:03.000+0800
CVDTT-2514,故事,To Do,False,False,,,2024-12-30T16:18:03.000+0800
CVDTT-2512,任务,待测试,False,False,,,2024-12-30T13:45:45.000+0800
CVDTT-2508,故事,To Do,False,False,,,2024-12-27T18:21:20.000+0800
CVDTT-2503,故事,To Do,False,False,,,2024-12-26T22:39:11.000+0800
CVDTT-2502,故事,To Do,False,False,,,2024-12-26T22:38:37.000+0800
CVDTT-2501,故事,To Do,False,False,,,2024-12-26T22:37:42.000+0800
CVDTT-2498,故事,To Do,False,False,,,2024-12-26T19:56:55.000+0800
CVDTT-2496,故事,To Do,False,False,,,2024-12-26T18:20:14.000+0800
CVDTT-2478,故事,To Do,False,False,,,2024-12-23T10:39:26.000+0800
CVDTT-2477,任务,无效工单,False,False,,,2024-12-20T21:59:33.000+0800
CVDTT-2465,任务,To Do,False,False,,,2024-12-19T15:37:29.000+0800
CVDTT-2461,故事,阻塞,False,False,,,2024-12-17T17:05:55.000+0800
CVDTT-2449,故事,阻塞,False,False,,,2024-12-16T12:31:10.000+0800
CVDTT-2448,任务,To Do,False,False,,,2024-12-13T18:08:10.000+0800
CVDTT-2447,任务,To Do,False,False,,,2024-12-13T18:07:58.000+0800
CVDTT-2446,任务,To Do,False,False,,,2024-12-13T18:07:37.000+0800
CVDTT-2445,任务,To Do,False,False,,,2024-12-13T18:07:20.000+0800
CVDTT-2440,故事,To Do,False,False,,,2024-12-13T18:05:48.000+0800
CVDTT-2431,任务,待测试,False,False,,,2024-12-13T15:39:26.000+0800
CVDTT-2420,任务,阻塞,False,False,,,2024-12-11T16:52:02.000+0800
CVDTT-2419,任务,阻塞,False,False,,,2024-12-11T16:51:25.000+0800
CVDTT-2389,任务,To Do,False,False,,,2024-12-06T10:42:22.000+0800
CVDTT-2388,任务,To Do,False,False,,,2024-12-05T22:55:22.000+0800
CVDTT-2370,故事,To Do,False,False,,,2024-12-03T13:57:10.000+0800
CVDTT-2350,故事,To Do,False,False,,,2024-11-28T15:05:55.000+0800
CVDTT-2325,故事,In Progress,False,False,,,2024-11-25T11:15:35.000+0800
CVDTT-2270,任务,无效工单,False,False,,,2024-11-18T14:27:51.000+0800
CVDTT-2053,故事,To Do,False,False,,,2024-10-18T17:45:50.000+0800
CVDTT-2052,故事,To Do,False,False,,,2024-10-18T17:45:28.000+0800
CVDTT-1677,任务,To Do,False,False,,,2024-08-27T17:55:40.000+0800
CVDTT-1632,故事,To Do,False,False,,,2024-08-20T18:51:16.000+0800
CVDTT-1621,故事,To Do,False,False,,,2024-08-20T18:42:11.000+0800
CVDTT-1619,故事,To Do,False,False,,,2024-08-20T18:36:55.000+0800
CVDTT-1426,任务,阻塞,False,False,,,2024-07-23T15:13:27.000+0800
CVDTT-1425,任务,阻塞,False,False,,,2024-07-23T15:11:59.000+0800
CVDG-28915,任务,任务完成 Done,True,False,大数据组,CDPMA,2025-04-22T16:06:45.000+0800
CVDG-28909,任务,To Do 待办,False,False,大数据组,CDPMA,2025-04-22T13:40:16.000+0800
CVDG-28657,故事,Story SIT测试完成,True,False,大数据组,CDPMA,2025-04-17T14:25:05.000+0800
CVDG-28656,BA工作任务,任务完成 Done,True,False,大数据组,CDPMA,2025-04-17T14:23:09.000+0800
CVDG-28654,任务,To Do 待办,False,False,大数据组,CDPMA,2025-04-17T14:18:42.000+0800
CVDG-28651,故事,开发测试执行中,False,False,大数据组,CDPMA,2025-04-17T14:01:48.000+0800
CVDG-28645,BA工作任务,任务完成 Done,True,False,大数据组,CDPMA,2025-04-17T13:54:13.000+0800
CVDG-28644,BA工作任务,任务完成 Done,True,False,大数据组,CDPMA,2025-04-17T13:52:41.000+0800
CVDG-28606,运维任务,To Do 待办,False,False,大数据组,CDPMA,2025-04-16T16:27:36.000+0800
CVDG-28316,任务,任务完成 Done,True,False,大数据组,CDPMA,2025-04-14T15:06:50.000+0800
CVDG-28241,运维任务,任务完成 Done,True,False,大数据组,CDPMA,2025-04-10T15:20:49.000+0800
CVDG-28119,运维任务,任务完成 Done,True,False,大数据组,CDPMA,2025-04-09T17:13:52.000+0800
CVDG-28105,任务,To Do 待办,False,False,大数据组,CDPMA,2025-04-09T15:53:26.000+0800
CVDG-28086,任务,任务完成 Done,True,False,大数据组,CDPMA,2025-04-09T14:44:21.000+0800
CVDG-28055,故事,To Do 待办,False,False,大数据组,CDPMA,2025-04-09T10:00:19.000+0800
CVDG-28054,BA工作任务,任务完成 Done,True,False,大数据组,CDPMA,2025-04-09T09:56:53.000+0800
CVDG-28053,BA工作任务,任务完成 Done,True,False,大数据组,CDPMA,2025-04-09T09:55:57.000+0800
CVDG-28052,BA工作任务,To Do 待办,False,False,大数据组,CDPMA,2025-04-09T09:52:33.000+0800
CVDG-28051,BA工作任务,To Do 待办,False,False,大数据组,CDPMA,2025-04-09T09:51:28.000+0800
CVDG-28050,任务,To Do 待办,False,False,大数据组,CDPMA,2025-04-09T09:49:50.000+0800
CVDG-27909,测试QA工作任务,To Do 待办,False,False,大数据组,CDPMA,2025-04-08T16:00:13.000+0800
CVDG-27908,故事,Story SIT测试完成,True,False,大数据组,CDPMA,2025-04-08T15:46:52.000+0800
CVDG-27902,故事,Story SIT测试完成,True,False,大数据组,CDPMA,2025-04-08T15:44:48.000+0800
CVDG-27896,BA工作任务,任务完成 Done,True,False,大数据组,CDPMA,2025-04-08T15:36:45.000+0800
CVDG-27894,BA工作任务,任务完成 Done,True,False,大数据组,CDPMA,2025-04-08T15:35:36.000+0800
CVDG-27890,任务,To Do 待办,False,False,大数据组,CDPMA,2025-04-08T15:26:22.000+0800
CVDG-27886,BA工作任务,To Do 待办,False,False,大数据组,CDPMA,2025-04-08T15:25:22.000+0800
CVDG-27884,测试QA工作任务,任务完成 Done,True,False,大数据组,CDPMA,2025-04-08T15:23:18.000+0800
CVDG-27883,故事,Story SIT测试完成,True,False,大数据组,CDPMA,2025-04-08T15:10:16.000+0800
CVDG-27882,故事,Story SIT测试完成,True,False,大数据组,CDPMA,2025-04-08T15:05:33.000+0800
CVDG-27876,任务,To Do 待办,False,False,大数据组,CDPMA,2025-04-07T15:13:48.000+0800
CVDG-27817,故事,Story SIT测试完成,True,False,大数据组,湖仓,2025-04-03T11:04:03.000+0800
CVDG-27816,测试QA工作任务,任务完成 Done,True,False,大数据组,湖仓,2025-04-03T11:01:12.000+0800
CVDG-27815,任务,任务完成 Done,True,False,大数据组,湖仓,2025-04-03T11:00:11.000+0800
CVDG-27814,任务,任务完成 Done,True,False,大数据组,湖仓,2025-04-03T10:59:48.000+0800
CVDG-27813,BA工作任务,任务完成 Done,True,False,大数据组,湖仓,2025-04-03T10:58:52.000+0800
CVDG-27812,BA工作任务,任务完成 Done,True,False,大数据组,湖仓,2025-04-03T10:58:24.000+0800
CVDG-27811,BA工作任务,任务完成 Done,True,False,大数据组,湖仓,2025-04-03T10:47:37.000+0800
CVDG-27810,BA工作任务,任务完成 Done,True,False,大数据组,湖仓,2025-04-03T10:47:05.000+0800
CVDG-27773,测试QA工作任务,任务完成 Done,True,False,大数据组,湖仓,2025-04-02T15:56:22.000+0800
CVDG-27772,BA工作任务,任务完成 Done,True,False,大数据组,湖仓,2025-04-02T15:52:57.000+0800
CVDG-27771,BA工作任务,任务完成 Done,True,False,大数据组,湖仓,2025-04-02T15:52:45.000+0800
CVDG-27770,任务,任务完成 Done,True,False,大数据组,湖仓,2025-04-02T15:52:32.000+0800
CVDG-27769,测试QA工作任务,任务完成 Done,True,False,大数据组,湖仓,2025-04-02T15:23:35.000+0800
CVDG-27767,任务,任务完成 Done,True,False,大数据组,湖仓,2025-04-02T15:18:31.000+0800
CVDG-27765,任务,任务完成 Done,True,False,大数据组,湖仓,2025-04-02T15:08:59.000+0800
CVDG-27762,BA工作任务,任务完成 Done,True,False,大数据组,湖仓,2025-04-02T15:04:11.000+0800
CVDG-27761,BA工作任务,任务完成 Done,True,False,大数据组,湖仓,2025-04-02T15:03:56.000+0800
CVDG-27754,BA工作任务,任务完成 Done,True,False,大数据组,湖仓,2025-04-02T14:33:27.000+0800
CVDG-27753,BA工作任务,任务完成 Done,True,False,大数据组,湖仓,2025-04-02T14:33:10.000+0800
CVDG-27716,BA工作任务,任务完成 Done,True,False,大数据组,湖仓,2025-04-01T16:31:41.000+0800
CVDG-27715,BA工作任务,任务完成 Done,True,False,大数据组,湖仓,2025-04-01T16:31:31.000+0800
CVDG-27707,故事,Story SIT测试完成,True,False,大数据组,湖仓,2025-04-01T15:33:41.000+0800
CVDG-27706,故事,Story SIT测试完成,True,False,大数据组,湖仓,2025-04-01T15:33:29.000+0800
CVDG-27691,任务,To Do 待办,False,False,大数据组,CDPMA,2025-04-01T13:52:05.000+0800
CVDG-27690,任务,To Do 待办,False,False,大数据组,CDPMA,2025-04-01T13:50:18.000+0800
CVDG-27666,故事,Story SIT测试完成,True,False,大数据组,CDPMA,2025-04-01T11:12:52.000+0800
CVDG-27595,测试QA工作任务,任务完成 Done,True,False,大数据组,湖仓,2025-03-31T15:15:16.000+0800
CVDG-27594,故事,Story SIT测试完成,True,False,大数据组,CDPMA,2025-03-31T14:51:23.000+0800
CVDG-27592,任务,任务完成 Done,True,False,大数据组,湖仓,2025-03-31T14:48:19.000+0800
CVDG-27591,任务,任务完成 Done,True,False,大数据组,湖仓,2025-03-31T14:48:06.000+0800
CVDG-27586,BA工作任务,任务完成 Done,True,False,大数据组,湖仓,2025-03-31T14:27:39.000+0800
CVDG-27585,BA工作任务,任务完成 Done,True,False,大数据组,湖仓,2025-03-31T14:27:27.000+0800
CVDG-27368,故事,任务完成 Done,True,False,大数据组,湖仓,2025-03-24T19:00:55.000+0800
CVDG-26181,故事,任务完成 Done,False,False,大数据组,湖仓,2025-02-27T20:25:41.000+0800
CVDG-26015,故事,任务完成 Done,True,False,大数据组,湖仓,2025-02-26T19:27:48.000+0800
CVDG-26001,故事,任务完成 Done,True,False,大数据组,湖仓,2025-02-26T18:30:06.000+0800
CVDG-25916,BA工作任务,任务完成 Done,True,False,大数据组,湖仓,2025-02-24T17:10:41.000+0800
CVDG-25768,故事,任务完成 Done,True,False,大数据组,湖仓,2025-02-18T19:31:56.000+0800
CVDG-25737,故事,任务完成 Done,True,False,大数据组,湖仓,2025-02-17T19:11:49.000+0800
CVDG-25710,故事,任务完成 Done,True,False,大数据组,湖仓,2025-02-14T19:16:42.000+0800
CVDG-25664,故事,任务完成 Done,True,False,大数据组,湖仓,2025-02-13T19:50:39.000+0800
CVDG-25638,故事,任务完成 Done,True,False,大数据组,湖仓,2025-02-13T14:37:42.000+0800
CVDG-25575,故事,任务完成 Done,True,False,大数据组,湖仓,2025-02-11T16:42:20.000+0800
CVDG-25498,故事,任务完成 Done,True,False,大数据组,湖仓,2025-02-10T14:41:43.000+0800
CVDG-25494,故事,任务完成 Done,True,False,大数据组,湖仓,2025-02-10T14:33:56.000+0800
CVDG-25490,故事,任务完成 Done,False,False,大数据组,湖仓,2025-02-10T14:25:45.000+0800
CVDG-25489,故事,任务完成 Done,True,False,大数据组,湖仓,2025-02-10T14:24:17.000+0800
CVDG-25488,故事,任务完成 Done,True,False,大数据组,湖仓,2025-02-10T14:22:57.000+0800
CVDG-25487,故事,任务完成 Done,True,False,大数据组,湖仓,2025-02-10T14:20:51.000+0800
CVDG-25486,故事,任务完成 Done,True,False,大数据组,湖仓,2025-02-10T14:17:54.000+0800
CVDG-25484,故事,任务完成 Done,True,False,大数据组,湖仓,2025-02-10T14:15:07.000+0800
CVDG-25453,故事,任务完成 Done,True,False,大数据组,湖仓,2025-02-07T14:40:09.000+0800
CVDG-25383,任务,任务完成 Done,True,False,大数据组,湖仓,2025-01-24T14:22:29.000+0800
CVDG-25289,故事,任务完成 Done,True,False,大数据组,湖仓,2025-01-23T17:22:08.000+0800
CVDG-24899,故事,任务完成 Done,True,False,大数据组,湖仓,2025-01-09T19:20:52.000+0800
CVDG-24801,故事,任务完成 Done,True,False,大数据组,湖仓,2025-01-06T20:12:50.000+0800
CVDG-24794,故事,任务完成 Done,True,False,大数据组,湖仓,2025-01-06T19:48:20.000+0800
CVDG-24792,故事,Story SIT测试完成,True,False,大数据组,湖仓,2025-01-06T19:44:26.000+0800
CVDG-24790,故事,Story SIT测试完成,True,False,大数据组,湖仓,2025-01-06T19:41:18.000+0800
CVDG-24786,故事,任务完成 Done,True,False,大数据组,湖仓,2025-01-06T19:34:35.000+0800
CVDC-16032,BA工作任务,To Do 待办,False,False,B端中后台,CMS DMF,2025-04-17T15:08:10.000+0800
CVDC-16031,任务,To Do 待办,False,False,B端中后台,CMS DMF,2025-04-17T15:04:33.000+0800
CVDC-16030,技术需求Enabler,To Do 待办,False,False,B端中后台,CMS DMF,2025-04-17T15:00:29.000+0800
CVDC-16029,任务,To Do 待办,False,False,B端中后台,CMS DMF,2025-04-17T14:46:45.000+0800
CVDC-16025,故事,To Do 待办,False,False,B端中后台,CMS DMF,2025-04-17T14:34:04.000+0800
CVDC-16018,技术需求Enabler,To Do 待办,False,False,B端中后台,CMS DMF,2025-04-17T14:15:15.000+0800
CVDC-16016,运维任务,开发测试执行中,False,False,B端中后台,CMS DMF,2025-04-17T14:12:27.000+0800
CVDC-16015,运维任务,开发测试执行中,False,False,B端中后台,CMS DMF,2025-04-17T14:11:25.000+0800
CVDC-15990,故事,Story SIT测试完成,True,False,B端中后台,CMS DMF,2025-04-16T09:38:41.000+0800
CVD-7302,运维任务,开发测试执行中,False,False,平台支持类,DOMP,2025-04-21T09:49:04.000+0800
CVD-7276,故事,开发测试执行中,False,False,平台支持类,DOMP,2025-04-15T20:13:50.000+0800
CVD-7274,故事,任务完成 Done,False,False,平台支持类,DOMP,2025-04-15T16:30:56.000+0800
CVD-7264,运维任务,任务完成 Done,True,False,平台支持类,DOMP,2025-04-15T10:10:50.000+0800
CVD-7263,故事,任务完成 Done,False,False,平台支持类,DOMP,2025-04-15T10:08:12.000+0800
CVD-7257,运维任务,任务完成 Done,True,False,平台支持类,DOMP,2025-04-14T17:03:28.000+0800
CVD-7253,运维任务,任务完成 Done,True,False,平台支持类,DOMP,2025-04-14T16:30:54.000+0800
CVD-7250,运维任务,任务完成 Done,True,False,平台支持类,DOMP,2025-04-10T14:07:52.000+0800
CVD-7249,故事,任务完成 Done,False,False,平台支持类,DOMP,2025-04-10T14:05:36.000+0800
CVD-7248,运维任务,任务完成 Done,True,False,平台支持类,DOMP,2025-04-09T11:45:53.000+0800
CVD-7247,运维任务,任务完成 Done,True,False,平台支持类,DOMP,2025-04-09T10:17:17.000+0800
CVD-7145,运维任务,任务完成 Done,True,False,平台支持类,DOMP,2025-03-31T11:14:03.000+0800
CVD-7144,故事,任务完成 Done,False,False,平台支持类,DOMP,2025-03-28T14:07:24.000+0800
CVD-7143,运维任务,任务完成 Done,True,False,平台支持类,DOMP,2025-03-28T13:51:14.000+0800
CVD-7137,故事,任务完成 Done,False,False,平台支持类,DOMP,2025-03-27T16:23:29.000+0800
CVD-7136,故事,任务完成 Done,False,False,平台支持类,DOMP,2025-03-27T15:36:20.000+0800
CVD-7072,故事,任务完成 Done,False,False,平台支持类,DOMP,2025-03-24T15:03:24.000+0800
CVD-7071,运维任务,任务完成 Done,True,False,平台支持类,DOMP,2025-03-24T14:59:41.000+0800
CVD-7044,运维任务,任务完成 Done,True,False,平台支持类,DOMP,2025-03-12T17:25:24.000+0800
CVD-7039,运维任务,任务完成 Done,True,False,平台支持类,DOMP,2025-03-12T14:16:09.000+0800
CVD-7031,运维任务,任务完成 Done,True,False,平台支持类,DOMP,2025-03-11T18:10:09.000+0800
CVD-7007,故事,To Do 待办,False,False,平台支持类,DOMP,2025-03-10T10:10:36.000+0800
CVD-7006,故事,To Do 待办,False,False,平台支持类,DOMP,2025-03-10T10:09:31.000+0800
CVD-7005,故事,To Do 待办,False,False,平台支持类,DOMP,2025-03-10T10:08:57.000+0800
CVD-6876,故事,Dev Complete 开发完成,False,False,平台支持类,DOMP,2025-02-17T15:20:36.000+0800
CVD-6869,故事,To Do 待办,False,False,平台支持类,DOMP,2025-02-12T16:28:45.000+0800
CVD-6820,故事,To Do 待办,False,False,平台支持类,DOMP,2025-01-17T14:48:09.000+0800
CVD-6816,故事,To Do 待办,False,False,平台支持类,DOMP,2025-01-14T17:12:23.000+0800
CVD-6807,故事,To Do 待办,False,False,平台支持类,DOMP,2025-01-13T10:50:07.000+0800
CVD-6806,故事,To Do 待办,False,False,平台支持类,DOMP,2025-01-13T10:49:25.000+0800
CVD-6464,故事,To Do 待办,False,False,平台支持类,DOMP,2024-12-12T10:44:52.000+0800
CVD-5920,故事,To Do 待办,False,False,平台支持类,DOMP,2024-11-14T18:55:50.000+0800
CVD-5895,故事,To Do 待办,False,False,平台支持类,DOMP,2024-11-13T19:14:39.000+0800
CVD-5894,故事,To Do 待办,False,False,平台支持类,DOMP,2024-11-13T19:13:42.000+0800
CVD-5893,故事,To Do 待办,False,False,平台支持类,DOMP,2024-11-13T19:12:34.000+0800
CVD-5892,故事,To Do 待办,False,False,平台支持类,DOMP,2024-11-13T19:11:51.000+0800
CVD-5476,BA工作任务,To Do 待办,False,False,平台支持类,DOMP,2024-09-30T17:18:14.000+0800
CVD-4028,任务,开发测试执行中,False,False,,,2024-07-03T10:11:21.000+0800
CVD-3387,故事,开发测试执行中,False,False,,,2024-05-29T10:17:15.000+0800
CVD-2617,技术需求Enabler,开发测试执行中,False,False,,,2024-04-17T09:47:29.000+0800
CVB-6139,测试QA工作任务,Done,True,False,大数据组,VCDC BI 售后,2025-04-10T19:11:24.000+0800
CVB-6138,任务,Done,True,False,大数据组,VCDC BI 售后,2025-04-10T19:09:18.000+0800
CVB-6137,技术需求Enabler,To Do 待办,False,False,大数据组,VCDC BI 售后,2025-04-10T19:07:01.000+0800
CVB-6136,BA工作任务,Done,True,False,大数据组,VCDC BI 售后,2025-04-10T19:04:20.000+0800
CVB-6135,BA工作任务,Done,True,False,大数据组,VCDC BI 售后,2025-04-10T19:02:19.000+0800
CVB-6134,BA工作任务,Done,True,False,大数据组,VCDC BI 售后,2025-04-10T19:00:10.000+0800
CVB-6133,故事,任务完成 Done,False,False,大数据组,VCDC BI 售后,2025-04-10T18:53:09.000+0800
CVB-6129,故事,开发测试执行中,False,False,大数据组,VCDC BI 新业务,2025-04-10T10:34:22.000+0800
CVB-6128,任务,In Progress,False,False,大数据组,VCDC BI 新业务,2025-04-10T10:31:47.000+0800
CVB-6127,测试QA工作任务,To Do,False,False,大数据组,VCDC BI 新业务,2025-04-10T10:30:16.000+0800
CVB-6125,技术需求Enabler,To Do 待办,False,False,大数据组,VCDC BI 销售,2025-04-09T18:41:14.000+0800
CVB-6124,故事,开发测试执行中,False,False,大数据组,VCDC BI 销售,2025-04-09T18:37:33.000+0800
CVB-6123,任务,In Progress,False,False,大数据组,VCDC BI 销售,2025-04-09T16:00:59.000+0800
CVB-6121,BA工作任务,To Do,False,False,大数据组,VCDC BI 网发,2025-04-09T15:02:59.000+0800
CVB-6120,BA工作任务,To Do,False,False,大数据组,VCDC BI 网发,2025-04-09T15:02:07.000+0800
CVB-6119,BA工作任务,Done,True,False,大数据组,VCDC BI 网发,2025-04-09T15:00:12.000+0800
CVB-6118,BA工作任务,To Do,False,False,大数据组,VCDC BI 网发,2025-04-09T14:52:26.000+0800
CVB-6117,BA工作任务,To Do,False,False,大数据组,VCDC BI 网发,2025-04-09T14:48:33.000+0800
CVB-6116,BA工作任务,In Progress,False,False,大数据组,VCDC BI 网发,2025-04-09T14:46:03.000+0800
CVB-6105,故事,任务完成 Done,False,False,大数据组,VCDC BI 网发,2025-04-08T13:46:43.000+0800
CVB-6104,故事,开发测试执行中,False,False,大数据组,VCDC BI 网发,2025-04-08T13:44:57.000+0800
CVB-6103,测试QA工作任务,To Do,False,False,大数据组,VCDC BI 销售,2025-04-07T14:19:47.000+0800
CVB-6100,故事,开发测试执行中,False,False,大数据组,VCDC BI 销售,2025-04-07T13:39:20.000+0800
CVB-6099,故事,任务完成 Done,False,False,大数据组,VCDC BI 销售,2025-04-07T13:37:47.000+0800
CVB-6098,技术需求Enabler,开发测试执行中,False,False,大数据组,VCDC BI 销售,2025-04-07T13:35:25.000+0800
CVB-6097,故事,开发测试执行中,False,False,大数据组,VCDC BI 销售,2025-04-07T11:22:58.000+0800
CVB-6071,BA工作任务,Done,True,False,大数据组,VCDC BI 网发,2025-04-02T11:17:33.000+0800
CVB-6070,BA工作任务,Done,True,False,大数据组,VCDC BI 网发,2025-04-02T11:15:01.000+0800
CVB-6069,BA工作任务,Done,True,False,大数据组,VCDC BI 网发,2025-04-02T11:10:41.000+0800
CVB-6068,BA工作任务,Done,True,False,大数据组,VCDC BI 网发,2025-04-02T11:07:16.000+0800
CVB-6067,BA工作任务,Done,True,False,大数据组,VCDC BI 网发,2025-04-02T11:05:04.000+0800
CVB-4226,任务,Done,True,False,,,2024-07-29T14:29:37.000+0800
CVB-4225,任务,Done,True,False,,,2024-07-29T14:27:46.000+0800
CVB-4224,任务,Done,True,False,,,2024-07-25T14:48:01.000+0800
CVB-4222,任务,Done,True,False,,,2024-07-25T14:44:52.000+0800
CVB-4221,任务,Done,True,False,,,2024-07-25T14:43:53.000+0800
CVB-4220,任务,Done,True,False,,,2024-07-25T14:23:53.000+0800
CVB-4219,任务,In Progress,False,False,,,2024-07-22T09:22:35.000+0800
CVB-4218,任务,Done,True,False,,,2024-07-18T11:41:32.000+0800
CVB-4217,任务,Done,True,False,,,2024-07-18T11:40:12.000+0800
CVB-4216,BA工作任务,Done,True,False,,,2024-07-15T11:51:33.000+0800
CVB-4214,BA工作任务,Done,True,False,,,2024-07-15T11:48:15.000+0800
CVB-4213,BA工作任务,Done,True,False,,,2024-07-15T11:43:42.000+0800
CVB-4211,任务,Done,True,False,,,2024-07-15T10:38:14.000+0800
CVB-4210,任务,Done,True,False,,,2024-07-10T11:29:28.000+0800
CVB-4209,任务,Done,True,False,,,2024-07-08T18:53:25.000+0800
CVB-4208,任务,Done,True,False,,,2024-07-05T15:52:29.000+0800
CVB-4207,任务,Done,True,False,,,2024-07-05T15:51:03.000+0800
CVB-4206,任务,Done,True,False,,,2024-07-05T15:47:46.000+0800
CVB-4205,任务,Done,True,False,,,2024-07-05T15:47:00.000+0800
CVB-4204,任务,Done,True,False,,,2024-07-05T10:06:48.000+0800
CVB-4203,任务,Done,True,False,,,2024-07-05T10:04:46.000+0800
CVB-4202,任务,Done,True,False,,,2024-07-05T10:02:44.000+0800
CVB-4201,任务,Done,True,False,,,2024-07-04T14:25:00.000+0800
CVB-4186,BA工作任务,Done,True,False,,,2024-06-20T10:02:28.000+0800
CVA-25476,故事,REMOVE 移除关闭取消,True,False,,,2023-04-07T09:49:53.000+0800
CVA-25445,任务,任务完成 Done,True,False,,,2023-04-04T15:08:42.000+0800
CVA-25116,任务,任务完成 Done,True,False,,,2023-03-31T14:04:12.000+0800
CVA-25115,任务,任务完成 Done,True,False,,,2023-03-31T14:01:33.000+0800
CVA-25114,任务,任务完成 Done,True,False,,,2023-03-31T11:27:30.000+0800
CVA-25096,任务,任务完成 Done,True,True,,,2023-03-29T21:11:45.000+0800
CVA-25071,任务,任务完成 Done,True,False,,,2023-03-28T19:05:56.000+0800
CVA-25058,任务,任务完成 Done,True,False,,,2023-03-28T11:07:33.000+0800
CVA-25042,任务,任务完成 Done,True,False,,,2023-03-27T18:04:18.000+0800
CVA-25041,任务,任务完成 Done,True,False,,,2023-03-27T17:58:57.000+0800
CVA-25040,任务,任务完成 Done,True,False,,,2023-03-27T17:58:22.000+0800
CVA-25039,任务,任务完成 Done,True,False,,,2023-03-27T17:57:51.000+0800
CVA-25036,任务,任务完成 Done,True,False,,,2023-03-27T17:35:27.000+0800
CVA-25028,任务,任务完成 Done,True,False,,,2023-03-27T16:59:56.000+0800
CVA-25026,任务,任务完成 Done,True,False,,,2023-03-27T16:49:22.000+0800
CVA-24857,任务,任务完成 Done,True,False,,,2023-03-27T13:54:26.000+0800
CVA-24856,故事,任务完成 Done,False,False,,,2023-03-27T13:45:10.000+0800
CVA-24814,故事,REMOVE 移除关闭取消,True,False,,,2023-03-27T11:22:04.000+0800
CVA-24676,故事,任务完成 Done,False,False,,,2023-03-27T10:13:07.000+0800
CVA-24675,故事,任务完成 Done,False,False,,,2023-03-27T10:12:22.000+0800
CVA-24674,故事,任务完成 Done,False,False,,,2023-03-27T10:11:26.000+0800
CVA-24673,故事,任务完成 Done,False,False,,,2023-03-27T10:10:43.000+0800
CVA-24672,故事,任务完成 Done,False,False,,,2023-03-27T10:10:01.000+0800
CVA-24670,故事,任务完成 Done,False,False,,,2023-03-27T10:09:14.000+0800
CVA-24669,故事,任务完成 Done,False,False,,,2023-03-27T10:08:19.000+0800
CVA-24668,故事,任务完成 Done,False,False,,,2023-03-27T10:06:56.000+0800
CVA-24667,故事,任务完成 Done,False,False,,,2023-03-27T10:05:59.000+0800
CVA-24637,故事,任务完成 Done,False,False,,,2023-03-24T11:20:20.000+0800
CVA-24617,故事,任务完成 Done,True,False,,,2023-03-23T11:03:18.000+0800
CVA-24503,故事,任务完成 Done,False,False,,,2023-03-21T17:03:14.000+0800
CVA-24361,故事,任务完成 Done,False,False,,,2023-03-17T16:39:50.000+0800
CVA-24360,故事,任务完成 Done,False,False,,,2023-03-17T16:36:05.000+0800
CVA-24305,故事,开发测试执行中,False,False,,,2023-03-16T09:57:12.000+0800
CVA-24304,故事,开发测试执行中,False,False,,,2023-03-16T09:56:46.000+0800
CVA-24303,故事,开发测试执行中,False,False,,,2023-03-16T09:56:12.000+0800
CVA-24259,故事,任务完成 Done,False,False,,,2023-03-14T17:04:48.000+0800
CVA-24192,故事,任务完成 Done,False,False,,,2023-03-14T13:47:34.000+0800
CVA-24171,故事,任务完成 Done,False,False,,,2023-03-13T17:31:11.000+0800
CVA-24170,故事,任务完成 Done,False,False,,,2023-03-13T17:28:18.000+0800
CVA-24169,故事,任务完成 Done,False,False,,,2023-03-13T17:23:43.000+0800
CVA-24168,故事,任务完成 Done,False,False,,,2023-03-13T17:19:05.000+0800
CVA-24110,故事,任务完成 Done,False,False,,,2023-03-13T16:42:15.000+0800
CVA-23728,故事,任务完成 Done,False,False,,,2023-03-13T16:33:08.000+0800
CVA-23724,故事,任务完成 Done,False,False,,,2023-03-13T16:26:31.000+0800
CVA-23723,故事,开发测试执行中,False,False,,,2023-03-13T16:26:03.000+0800
CVA-23722,故事,开发测试执行中,False,False,,,2023-03-13T16:25:02.000+0800
CVA-23720,故事,任务完成 Done,False,False,,,2023-03-13T15:59:55.000+0800
CVA-23452,故事,任务完成 Done,False,False,,,2023-03-13T14:55:21.000+0800
CVA-23050,任务,任务完成 Done,True,False,,,2023-03-09T15:35:22.000+0800
CVA-23048,故事,任务完成 Done,False,True,,,2023-03-09T15:19:40.000+0800
CVA-22616,故事,任务完成 Done,False,False,,,2023-02-27T10:48:00.000+0800
CVA-21633,故事,任务完成 Done,False,False,,,2023-02-10T18:08:24.000+0800
CVA-19812,故事,任务完成 Done,False,False,,,2023-01-03T16:20:16.000+0800
CVA-14417,故事,任务完成 Done,False,False,,,2022-11-29T16:04:18.000+0800
CAI-2429,故事,Backlog,False,False,平台支持类,IAM,2025-04-08T10:14:11.000+0800
CAI-2428,故事,Backlog,False,False,平台支持类,IAM,2025-04-08T10:13:36.000+0800
CAI-2416,故事,In Progress,False,False,平台支持类,IAM,2025-03-20T10:18:57.000+0800
CAI-2415,故事,In Progress,False,False,平台支持类,IAM,2025-03-18T18:53:04.000+0800
CAI-2238,故事,In Progress,False,False,平台支持类,IAM,2025-01-13T17:44:21.000+0800
CAI-2237,故事,In Progress,False,False,平台支持类,IAM,2025-01-13T17:43:41.000+0800
CAI-1646,任务,Backlog,False,False,平台支持类,IAM,2024-04-12T10:42:23.000+0800
AAD-612,故事,开发测试执行中,False,False,平台支持类,AI Drives,2025-04-21T11:52:26.000+0800
AAD-608,BA工作任务,To Do 待办,False,False,平台支持类,AI Drives,2025-04-21T09:59:43.000+0800
AAD-607,故事,开发测试执行中,False,False,平台支持类,AI Drives,2025-04-21T09:59:04.000+0800
AAD-604,BA工作任务,To Do 待办,False,False,平台支持类,AI Drives,2025-04-21T09:51:51.000+0800
AAD-602,BA工作任务,开发测试执行中,False,False,平台支持类,AI Drives,2025-04-21T09:50:26.000+0800
AAD-601,故事,To Do 待办,False,False,平台支持类,AI Drives,2025-04-21T09:48:30.000+0800
AAD-600,BA工作任务,To Do 待办,False,False,平台支持类,AI Drives,2025-04-21T09:47:56.000+0800
AAD-599,BA工作任务,开发测试执行中,False,False,平台支持类,AI Drives,2025-04-21T09:46:11.000+0800
AAD-598,故事,To Do 待办,False,False,平台支持类,AI Drives,2025-04-21T09:43:48.000+0800
AAD-597,BA工作任务,开发测试执行中,False,False,平台支持类,AI Drives,2025-04-21T09:42:29.000+0800
AAD-595,BA工作任务,开发测试执行中,False,False,平台支持类,AI Drives,2025-04-21T09:31:36.000+0800
AAD-594,BA工作任务,开发测试执行中,False,False,平台支持类,AI Drives,2025-04-20T21:59:44.000+0800
AAD-592,BA工作任务,开发测试执行中,False,False,平台支持类,AI Drives,2025-04-20T21:54:35.000+0800
AAD-588,故事,To Do 待办,False,False,平台支持类,AI Drives,2025-04-19T14:19:28.000+0800
AAD-583,故事,开发测试执行中,False,False,平台支持类,AI Drives,2025-04-18T15:21:46.000+0800
AAD-582,故事,开发测试执行中,False,False,平台支持类,AI Drives,2025-04-18T15:21:05.000+0800
AAD-568,故事,To Do 待办,False,False,平台支持类,AI Drives,2025-04-14T11:13:35.000+0800
AAD-543,故事,To Do 待办,False,False,平台支持类,AI Drives,2025-04-14T09:44:03.000+0800
AAD-542,BA工作任务,开发测试执行中,False,False,平台支持类,AI Drives,2025-04-14T09:43:49.000+0800
AAD-541,故事,To Do 待办,False,False,平台支持类,AI Drives,2025-04-14T09:42:11.000+0800
AAD-540,故事,任务完成 Done,False,False,平台支持类,AI Drives,2025-04-14T09:40:18.000+0800
AAD-490,BA工作任务,开发测试执行中,False,False,平台支持类,AI Drives,2025-04-07T09:55:52.000+0800
AAD-479,BA工作任务,开发测试执行中,False,False,平台支持类,AI Drives,2025-04-03T18:58:12.000+0800
AAD-429,BA工作任务,To Do 待办,False,False,平台支持类,AI Drives,2025-03-27T09:37:55.000+0800
